Time,QueueSize
1.10003,1
1.12019,1
1.32025,1
1.32056,1
1.32087,1
1.32119,1
1.3215,1
1.32182,1
1.32213,1
1.32245,1
1.32276,1
1.32308,1
1.32339,1
1.34142,1
1.34299,1
1.34457,1
1.34614,1
1.34771,1
1.54176,1
1.54208,1
1.54334,1
1.54365,1
1.54396,1
1.54491,1
1.54522,1
1.54554,1
1.54648,1
1.5468,1
1.54711,1
1.54806,1
1.54837,1
1.5485,1
1.54868,1
1.56341,1
1.56498,1
1.56655,1
1.56813,1
1.5697,1
1.57127,1
1.57285,1
1.74884,1
1.74916,1
1.76375,1
1.76407,1
1.76438,1
1.76532,1
1.76564,1
1.76595,1
1.7669,1
1.76721,1
1.76753,1
1.76847,1
1.76879,1
1.7691,1
1.77004,1
1.77036,1
1.77049,1
1.77067,1
1.77162,1
1.77193,1
1.77225,1
1.77319,1
1.77351,1
1.77382,1
1.7854,1
1.78697,1
1.78854,1
1.79012,1
1.79169,1
1.79326,1
1.79484,1
1.79641,1
1.79798,1
1.79956,1
1.97083,1
1.97115,1
1.97146,1
1.98574,1
1.98605,1
1.98637,1
1.98731,1
1.98763,1
1.98794,1
1.98889,1
1.9892,1
1.98952,1
1.99046,1
1.99077,1
1.99109,1
1.99169,1
1.99203,1
1.99235,1
1.99266,1
1.99326,1
1.99361,1
1.99392,1
1.99424,1
1.99518,1
1.99549,1
1.99581,1
1.99675,1
1.99707,1
1.99738,1
1.99833,1
1.99864,1
1.99896,1
1.9999,1
2.00021,1
2.00053,1
2.00739,1
2.00896,1
2.01053,1
2.01211,1
2.01368,1
2.01525,1
2.01683,1
2.0184,1
2.01997,1
2.02155,1
2.02312,1
2.02469,1
2.02627,1
2.02784,1
2.02941,1
2.19203,1
2.19235,1
2.19266,1
2.19361,1
2.19392,1
2.19424,1
2.20773,1
2.20804,1
2.20836,1
2.2093,1
2.20962,1
2.20993,1
2.21088,1
2.21119,1
2.2115,1
2.21245,1
2.21276,1
2.21308,1
2.21368,1
2.21402,1
2.21434,1
2.21465,1
2.21525,1
2.2156,1
2.21591,1
2.21622,1
2.21683,1
2.21717,1
2.21748,1
2.2178,1
2.21874,1
2.21906,1
2.21937,1
2.22032,1
2.22063,1
2.22094,1
2.22189,1
2.2222,1
2.22252,1
2.22346,1
2.22378,1
2.22409,1
2.22504,1
2.22535,1
2.22566,1
2.22661,1
2.22692,1
2.22724,1
2.22818,1
2.2285,1
2.22881,1
2.22937,1
2.22976,1
2.23007,1
2.23038,1
2.23095,1
2.23252,1
2.23409,1
2.23567,1
2.23724,1
2.23881,1
2.24039,1
2.24196,1
2.24353,1
2.24511,1
2.24668,1
2.24825,1
2.24983,1
2.2514,1
2.25297,1
2.25455,1
2.25612,1
2.25769,1
2.25927,1
2.26084,1
2.26241,1
2.41402,1
2.41434,1
2.41465,1
2.4156,1
2.41591,1
2.41622,1
2.41717,1
2.41748,1
2.4178,1
2.42972,1
2.43003,1
2.43035,1
2.43129,1
2.43161,1
2.43192,1
2.43286,1
2.43318,1
2.43349,1
2.43444,1
2.43475,1
2.43488,1
2.43507,1
2.43601,1
2.43633,1
2.43645,1
2.43664,1
2.43758,1
2.4379,1
2.43803,1
2.43821,1
2.43916,1
2.43947,1
2.4396,1
2.43979,1
2.44073,1
2.44105,1
2.44117,1
2.44136,1
2.4423,1
2.44262,1
2.44293,1
2.44388,1
2.44419,1
2.44451,1
2.44545,1
2.44577,1
2.44608,1
2.44702,1
2.44734,1
2.44765,1
2.4486,1
2.44891,1
2.44923,1
2.45017,1
2.45049,1
2.4508,1
2.45136,1
2.45174,1
2.45206,1
2.45237,1
2.45294,1
2.45332,1
2.45363,1
2.45395,1
2.45451,1
2.45489,1
2.45521,1
2.45552,1
2.45608,1
2.45646,1
2.45678,1
2.45709,1
2.45766,1
2.45804,1
2.45835,1
2.45867,1
2.45923,1
2.45961,1
2.45993,1
2.46024,1
2.4608,1
2.46118,1
2.4615,1
2.46181,1
2.46238,1
2.46276,1
2.46307,1
2.46339,1
2.46395,1
2.46552,1
2.4671,1
2.46867,1
2.47024,1
2.47182,1
2.47339,1
2.47496,1
2.47654,1
2.47811,1
2.47968,1
2.48126,1
2.48283,1
2.4844,1
2.48598,1
2.48755,1
2.48912,1
2.4907,1
2.49227,1
2.49384,1
2.49542,1
2.49699,1
2.49856,1
2.50014,1
2.50171,1
2.63522,1
2.63554,1
2.63585,1
2.6368,1
2.63711,1
2.63743,1
2.63837,1
2.63869,1
2.639,1
2.63994,1
2.64026,1
2.64057,1
2.64152,1
2.64183,1
2.64215,1
2.65171,1
2.65202,1
2.65234,1
2.65328,1
2.65359,1
2.65391,1
2.65485,1
2.65517,1
2.65548,1
2.65643,1
2.65674,1
2.65687,1
2.65706,1
2.658,1
2.65831,1
2.65844,1
2.65863,1
2.65957,1
2.65989,1
2.66002,1
2.6602,1
2.66115,1
2.66146,1
2.66159,1
2.66178,1
2.66272,1
2.66303,1
2.66316,1
2.66335,1
2.66429,1
2.66461,1
2.66474,1
2.66492,1
2.66587,1
2.66618,1
2.66631,1
2.6665,1
2.66744,1
2.66775,1
2.66807,1
2.66901,1
2.66933,1
2.66964,1
2.67059,1
2.6709,1
2.67122,1
2.67216,1
2.67247,1
2.67256,1
2.67279,1
2.67373,1
2.67405,1
2.67414,1
2.67436,1
2.67531,1
2.67562,1
2.67571,1
2.67594,1
2.67688,1
2.67719,1
2.67728,1
2.67751,1
2.67845,1
2.67877,1
2.67886,1
2.67908,1
2.68003,1
2.68034,1
2.68043,1
2.68066,1
2.6816,1
2.68191,1
2.682,1
2.68223,1
2.68317,1
2.68349,1
2.68358,1
2.6838,1
2.68475,1
2.68506,1
2.68515,1
2.68538,1
2.68632,1
2.68663,1
2.68672,1
2.68695,1
2.68789,1
2.68821,1
2.6883,1
2.68852,1
2.68947,1
2.68978,1
2.68987,1
2.6901,1
2.69104,1
2.69135,1
2.69144,1
2.69167,1
2.69261,1
2.69293,1
2.69302,1
2.69324,1
2.69419,1
2.6945,1
2.69459,1
2.69482,1
2.69576,1
2.69607,1
2.69616,1
2.69639,1
2.69733,1
2.69765,1
2.69774,1
2.69796,1
2.69891,1
2.69922,1
2.69931,1
2.69954,1
2.70048,1
2.70079,1
2.70088,1
2.70111,1
2.70205,1
2.70237,1
2.70246,1
2.70268,1
2.70403,1
2.7056,1
2.70718,1
2.70875,1
2.71032,1
2.7119,1
2.71347,1
2.71504,1
2.71662,1
2.71819,1
2.71976,1
2.72134,1
2.72291,1
2.72448,1
2.72606,1
2.72763,1
2.7292,1
2.73078,1
2.73235,1
2.73392,1
2.7355,1
2.73707,1
2.73864,1
2.74022,1
2.74179,1
2.74336,1
2.74494,1
2.74651,1
2.74808,1
2.74966,1
2.85721,1
2.85753,1
2.85784,1
2.85879,1
2.8591,1
2.85942,1
2.86036,1
2.86067,1
2.86099,1
2.86193,1
2.86225,1
2.86256,1
2.86351,1
2.86382,1
2.86414,1
2.86508,1
2.86539,1
2.86571,1
2.86665,1
2.86697,1
2.86728,1
2.87291,1
2.87322,1
2.87354,1
2.87448,1
2.8748,1
2.87511,1
2.87605,1
2.87637,1
2.87668,1
2.87763,1
2.87794,1
2.87826,1
2.87886,1
2.8792,1
2.87952,1
2.87983,1
2.88043,1
2.88077,1
2.88109,1
2.8814,1
2.882,1
2.88235,1
2.88266,1
2.88298,1
2.88358,1
2.88392,1
2.88424,1
2.88455,1
2.88515,1
2.88549,1
2.88581,1
2.88612,1
2.88672,1
2.88707,1
2.88738,1
2.8877,1
2.8883,1
2.88864,1
2.88896,1
2.88927,1
2.88987,1
2.89021,1
2.89053,1
2.89084,1
2.89144,1
2.89179,1
2.8921,1
2.89242,1
2.89302,1
2.89336,1
2.89368,1
2.89399,1
2.89459,1
2.89493,1
2.89525,1
2.89556,1
2.89616,1
2.89651,1
2.89682,1
2.89714,1
2.89774,1
2.89808,1
2.8984,1
2.89871,1
2.89931,1
2.89965,1
2.89997,1
2.90028,1
2.90088,1
2.90123,1
2.90154,1
2.90186,1
2.90246,1
2.9028,1
2.90312,1
2.90343,1
2.90403,1
2.90437,1
2.90469,1
2.905,1
2.9056,1
2.90595,1
2.90626,1
2.90658,1
2.90718,1
2.90752,1
2.90784,1
2.90815,1
2.90875,1
2.90909,1
2.90941,1
2.90972,1
2.91032,1
2.91067,1
2.91098,1
2.9113,1
2.9119,1
2.91224,1
2.91256,1
2.91287,1
2.91347,1
2.91381,1
2.91413,1
2.91444,1
2.91504,1
2.91539,1
2.9157,1
2.91602,1
2.91662,1
2.91696,1
2.91728,1
2.91759,1
2.91819,1
2.91853,1
2.91885,1
2.91916,1
2.91976,1
2.92011,1
2.92042,1
2.92074,1
2.92134,1
2.92168,1
2.922,1
2.92231,1
2.92291,1
2.92325,1
2.92357,1
2.92388,1
2.92448,1
2.92483,1
2.92514,1
2.92546,1
2.92606,1
2.9264,1
2.92672,1
2.92703,1
2.92763,1
2.92797,1
2.92829,1
2.9286,1
2.9292,1
2.92955,1
2.92986,1
2.93018,1
2.93078,1
2.93112,1
2.93144,1
2.93175,1
2.93235,1
2.93269,1
2.93301,1
2.93332,1
2.93392,1
2.93427,1
2.93458,1
2.9349,1
2.9355,1
2.93584,1
2.93616,1
2.93647,1
2.93707,1
2.93741,1
2.93773,1
2.93804,1
2.93864,1
2.93899,1
2.9393,1
2.93962,1
2.94022,1
2.94056,1
2.94088,1
2.94119,1
2.94179,1
2.94213,1
2.94245,1
2.94276,1
2.94336,1
2.94371,1
2.94402,1
2.94434,1
2.94494,1
2.94528,1
2.9456,1
2.94591,1
2.94651,1
2.94685,1
2.94717,1
2.94748,1
2.94808,1
2.94843,1
2.94874,1
2.94925,1
2.94966,1
2.95004,1
2.95083,1
2.95123,1
2.95161,1
2.9528,1
2.95438,1
2.95595,1
2.95752,1
2.9591,1
2.96067,1
2.96224,1
2.96382,1
2.96539,1
2.96696,1
2.96854,1
2.97011,1
2.97168,1
2.97326,1
2.97483,1
2.9764,1
2.97798,1
2.97955,1
2.98112,1
2.9827,1
2.98427,1
2.98584,1
2.98742,1
2.98899,1
2.99056,1
2.99214,1
2.99371,1
2.99528,1
2.99686,1
2.99843,1
3,1
3.00158,1
3.00315,1
3.00472,1
3.0063,1
3.00787,1
3.00944,1
3.01102,1
3.0792,1
3.07952,1
3.07983,1
3.08077,1
3.08109,1
3.0814,1
3.08235,1
3.08266,1
3.08298,1
3.08392,1
3.08424,1
3.08455,1
3.08549,1
3.08581,1
3.08612,1
3.08707,1
3.08738,1
3.0877,1
3.08864,1
3.08896,1
3.08927,1
3.09021,1
3.09053,1
3.09084,1
3.09179,1
3.0921,1
3.09242,1
3.09336,1
3.09368,1
3.09399,1
3.09493,1
3.09525,1
3.09556,1
3.09651,1
3.09682,1
3.09714,1
3.09808,1
3.0984,1
3.09871,1
3.09965,1
3.09997,1
3.10006,1
3.10028,1
3.10123,1
3.10154,1
3.10163,1
3.10186,1
3.1028,1
3.10312,1
3.10321,1
3.10343,1
3.10437,1
3.10469,1
3.10478,1
3.105,1
3.10595,1
3.10626,1
3.10635,1
3.10658,1
3.10752,1
3.10784,1
3.10793,1
3.10815,1
3.10909,1
3.10941,1
3.1095,1
3.10972,1
3.11067,1
3.11098,1
3.11107,1
3.1113,1
3.11224,1
3.11256,1
3.11265,1
3.11287,1
3.11381,1
3.11413,1
3.11422,1
3.11444,1
3.11539,1
3.1157,1
3.11579,1
3.11602,1
3.11696,1
3.11728,1
3.11737,1
3.11759,1
3.11853,1
3.11885,1
3.11894,1
3.11916,1
3.12011,1
3.12042,1
3.12051,1
3.12074,1
3.12168,1
3.122,1
3.12209,1
3.12231,1
3.12325,1
3.12357,1
3.12366,1
3.12388,1
3.12483,1
3.12514,1
3.12523,1
3.12546,1
3.1264,1
3.12672,1
3.12681,1
3.12703,1
3.12797,1
3.12829,1
3.12838,1
3.1286,1
3.12955,1
3.12986,1
3.12995,1
3.13018,1
3.13112,1
3.13144,1
3.13153,1
3.13175,1
3.13269,1
3.13301,1
3.1331,1
3.13332,1
3.13427,1
3.13458,1
3.13467,1
3.1349,1
3.13584,1
3.13616,1
3.13625,1
3.13647,1
3.13741,1
3.13773,1
3.13782,1
3.13804,1
3.13899,1
3.1393,1
3.13939,1
3.13962,1
3.14056,1
3.14088,1
3.14097,1
3.14119,1
3.14213,1
3.14245,1
3.14254,1
3.14276,1
3.14371,1
3.14402,1
3.14411,1
3.14434,1
3.14528,1
3.1456,1
3.14569,1
3.14591,1
3.14685,1
3.14717,1
3.14726,1
3.14748,1
3.14843,1
3.14874,1
3.14883,1
3.14906,1
3.15,1
3.15032,1
3.15041,1
3.15063,1
3.15157,1
3.15189,1
3.15198,1
3.1522,1
3.15315,1
3.15346,1
3.15355,1
3.15378,1
3.15472,1
3.15504,1
3.15513,1
3.15535,1
3.15629,1
3.15661,1
3.1567,1
3.15708,1
3.15787,1
3.15827,1
3.15865,1
3.15944,1
3.15985,1
3.16023,1
3.16101,1
3.16142,1
3.1618,1
3.16259,1
3.16299,1
3.16337,1
3.16416,1
3.16457,1
3.16495,1
3.16573,1
3.16614,1
3.16652,1
3.16731,1
3.16771,1
3.16809,1
3.16888,1
3.16929,1
3.16967,1
3.17045,1
3.17086,1
3.17124,1
3.17203,1
3.17243,1
3.17281,1
3.1736,1
3.17401,1
3.17439,1
3.17517,1
3.17558,1
3.17596,1
3.17675,1
3.17715,1
3.17753,1
3.17832,1
3.17873,1
3.17911,1
3.17989,1
3.1803,1
3.18068,1
3.18147,1
3.18187,1
3.18225,1
3.18304,1
3.18345,1
3.18383,1
3.18461,1
3.18502,1
3.1854,1
3.18619,1
3.18659,1
3.18697,1
3.18776,1
3.18817,1
3.18855,1
3.18933,1
3.18974,1
3.19012,1
3.19091,1
3.19131,1
3.19169,1
3.19248,1
3.19289,1
3.19327,1
3.19405,1
3.19446,1
3.19484,1
3.19563,1
3.19603,1
3.19641,1
3.1972,1
3.19761,1
3.19799,1
3.19877,1
3.19918,1
3.19956,1
3.20035,1
3.20075,1
3.20113,1
3.20192,1
3.20233,1
3.20271,1
3.20349,1
3.2039,1
3.20428,1
3.20507,1
3.20547,1
3.20585,1
3.20664,1
3.20705,1
3.20743,1
3.20821,1
3.20862,1
3.209,1
3.20979,1
3.21019,1
3.21057,1
3.21136,1
3.21177,1
3.21215,1
3.21293,1
3.21334,1
3.21372,1
3.21451,1
3.21491,1
3.21529,1
3.21608,1
3.21649,1
3.21687,1
3.21766,1
3.21806,1
3.21844,1
3.21923,1
3.21963,1
3.22002,1
3.2208,1
3.22121,1
3.22159,1
3.22238,1
3.22278,1
3.22316,1
3.22395,1
3.22435,1
3.22474,1
3.22552,1
3.22593,1
3.22631,1
3.2271,1
3.2275,1
3.22788,1
3.22867,1
3.22907,1
3.22946,1
3.23024,1
3.23065,1
3.23103,1
3.23182,1
3.23222,1
3.2326,1
3.23379,1
3.23537,1
3.23694,1
3.23851,1
3.24009,1
3.24166,1
3.24323,1
3.24481,1
3.24638,1
3.24795,1
3.24953,1
3.2511,1
3.25267,1
3.25425,1
3.25582,1
3.25739,1
3.25897,1
3.26054,1
3.26211,1
3.26369,1
3.26457,1
3.26595,1
3.26752,1
3.2689,1
3.27027,1
3.27185,1
3.27322,1
3.2746,1
3.27617,1
3.27755,1
3.27892,1
3.2805,1
3.28187,1
3.28325,1
3.28482,1
3.2862,1
3.28758,1
3.28915,1
3.30048,1
3.30079,1
3.30103,1
3.30199,1
3.30231,1
3.30255,1
3.30515,1
3.30546,1
3.3057,1
3.30678,1
3.3071,1
3.30733,1
3.3083,1
3.30862,1
3.30885,1
3.31146,1
3.31177,1
3.31201,1
3.31309,1
3.31341,1
3.31364,1
3.31461,1
3.31492,1
3.31516,1
3.31776,1
3.31808,1
3.31831,1
3.3194,1
3.31971,1
3.31995,1
3.32133,1
3.32243,1
3.32271,1
3.32275,1
3.32299,1
3.32407,1
3.32428,1
3.32438,1
3.32462,1
3.32559,1
3.3259,1
3.32601,1
3.32614,1
3.32738,1
3.32874,1
3.32896,1
3.32906,1
3.32929,1
3.33033,1
3.33038,1
3.33069,1
3.33093,1
3.33171,1
3.3319,1
3.33221,1
3.33245,1
3.33328,1
3.33466,1
3.33505,1
3.33536,1
3.3356,1
3.33603,1
3.33668,1
3.337,1
3.33723,1
3.33761,1
3.3382,1
3.33852,1
3.33875,1
3.33898,1
3.34036,1
3.34136,1
3.34167,1
3.34191,1
3.34193,1
3.34299,1
3.34331,2
3.34354,1
3.34468,1
3.34615,1
3.34626,1
3.34646,1
3.3467,1
3.34763,1
3.34766,1
3.34798,1
3.34821,1
3.34901,1
3.34918,1
3.3495,1
3.34973,1
3.35058,1
3.35196,1
3.35234,1
3.35265,1
3.35289,1
3.35333,1
3.35397,1
3.35429,1
3.35452,1
3.35491,1
3.35549,1
3.3558,1
3.35604,1
3.35628,1
3.35766,1
3.35864,1
3.35896,1
3.35919,1
3.35923,1
3.36028,1
3.36059,1
3.36061,1
3.36083,1
3.3618,1
3.36199,1
3.36211,1
3.36235,1
3.36356,1
3.36493,1
3.36495,1
3.36526,1
3.3655,1
3.36631,1
3.36659,1
3.3669,1
3.36714,1
3.36788,1
3.36926,1
3.36974,1
3.37005,1
3.37029,1
3.37064,1
3.37126,1
3.37157,1
3.37181,1
3.37221,1
3.37289,1
3.37321,1
3.37344,1
3.37359,1
3.37496,1
3.37593,1
3.37624,1
3.37648,1
3.37653,1
3.37756,1
3.37788,1
3.37791,1
3.37811,1
3.37908,1
3.37929,1
3.3794,1
3.37963,1
3.38086,1
3.38224,2
3.38255,1
3.38279,1
3.38361,1
3.38387,1
3.38419,1
3.38442,1
3.38519,1
3.38539,1
3.3857,1
3.38594,1
3.38656,1
3.38794,1
3.38854,1
3.38886,1
3.38909,1
3.38951,1
3.39018,1
3.39049,1
3.39073,1
3.39089,1
3.39226,1
3.39333,1
3.39365,1
3.39384,1
3.39388,1
3.39485,1
3.39517,1
3.39521,1
3.3954,1
3.39649,1
3.39659,1
3.3968,1
3.39704,1
3.39816,1
3.39954,1
3.39964,1
3.39995,1
3.40019,1
3.40091,1
3.40116,1
3.40147,1
3.40171,1
3.40249,1
3.40268,1
3.40299,1
3.40323,1
3.40386,1
3.40524,1
3.40583,1
3.40614,1
3.40638,1
3.40681,1
3.40747,1
3.40778,1
3.40802,1
3.40819,1
3.40898,1
3.4093,1
3.40953,1
3.40956,1
3.41114,1
3.41214,1
3.41245,1
3.41251,1
3.41269,1
3.41377,1
3.41389,1
3.41409,1
3.41432,1
3.41529,1
3.41546,1
3.41561,1
3.41584,1
3.41684,1
3.41821,1
3.41844,1
3.41876,1
3.41899,1
3.41979,1
3.42008,1
3.42039,1
3.42063,1
3.42116,1
3.42254,1
3.42323,1
3.42355,1
3.42378,1
3.42411,1
3.42475,1
3.42507,1
3.4253,1
3.42549,1
3.42639,1
3.4267,1
3.42687,1
3.42694,1
3.42844,1
3.42942,1
3.42974,1
3.42981,1
3.42997,1
3.43106,1
3.43119,1
3.43137,1
3.43161,1
3.43258,1
3.43276,1
3.43289,1
3.43313,1
3.43414,1
3.43552,1
3.43573,1
3.43605,1
3.43628,1
3.43709,1
3.43737,1
3.43768,1
3.43792,1
3.43847,1
3.43888,1
3.4392,1
3.43943,1
3.43984,1
3.44141,1
3.44204,1
3.44235,1
3.44259,1
3.44279,1
3.44367,1
3.44399,1
3.44417,1
3.44422,1
3.44574,1
3.44683,1
3.44712,1
3.44714,1
3.44738,1
3.44835,1
3.44849,1
3.44866,1
3.4489,1
3.44998,1
3.45007,1
3.45029,1
3.45053,1
3.45144,1
3.45282,1
3.45313,1
3.45345,1
3.45368,1
3.45439,1
3.45465,1
3.45497,1
3.4552,1
3.45577,1
3.45617,1
3.45649,1
3.45672,1
3.45714,1
3.45872,1
3.45932,1
3.45964,1
3.45987,1
3.46009,1
3.46096,1
3.46127,1
3.46147,1
3.46151,1
3.46248,1
3.46279,1
3.46303,1
3.46304,1
3.46442,1
3.46493,1
3.46525,1
3.46548,1
3.46579,1
3.46737,1
3.46797,1
3.46828,1
3.46852,1
3.46874,1
3.46925,1
3.46957,1
3.4698,1
3.47012,1
3.47169,1
3.47229,1
3.4726,1
3.47284,1
3.47307,1
3.47357,1
3.47389,1
3.47412,1
3.47444,1
3.47602,1
3.47661,1
3.47693,1
3.47716,1
3.47739,1
3.4779,1
3.47821,1
3.47845,1
3.47877,1
3.48034,1
3.48093,1
3.48125,1
3.48148,1
3.48172,1
3.48233,1
3.48265,1
3.48288,1
3.48309,1
3.48467,1
3.48525,1
3.48557,1
3.4858,1
3.48604,1
3.48666,1
3.48697,1
3.48721,1
3.48742,1
3.48899,1
3.48958,1
3.48989,1
3.49013,1
3.49037,1
3.49175,1
3.49332,1
3.49469,1
3.49607,1
3.49764,1
3.49902,1
3.5004,1
3.50197,1
3.50335,1
3.50472,1
3.50629,1
3.50767,1
3.50905,1
3.51062,1
3.512,1
3.51337,1
3.5217,1
3.52201,1
3.52225,1
3.52473,1
3.52505,1
3.52528,1
3.52637,1
3.52668,1
3.52692,1
3.5294,1
3.52972,1
3.52995,1
3.53069,1
3.531,1
3.53124,1
3.53373,1
3.53404,1
3.53428,1
3.53501,1
3.53533,1
3.53556,1
3.53805,1
3.53836,1
3.5386,1
3.53933,1
3.53965,1
3.53988,1
3.54237,1
3.54268,1
3.54292,1
3.54334,1
3.54365,1
3.54397,1
3.5442,1
3.54559,1
3.54669,1
3.54697,1
3.54701,1
3.54724,1
3.54809,1
3.54841,1
3.54854,1
3.54864,1
3.55026,1
3.55101,1
3.55133,1
3.55156,1
3.55164,1
3.55241,1
3.55273,1
3.55296,1
3.55321,1
3.55459,1
3.55533,1
3.55565,1
3.55588,1
3.55596,1
3.55674,1
3.55705,1
3.55729,1
3.55754,1
3.55891,1
3.55966,1
3.55997,1
3.56021,1
3.56029,1
3.56106,1
3.56137,1
3.56161,1
3.56186,1
3.56324,1
3.56398,1
3.56429,1
3.56453,1
3.56461,1
3.56538,1
3.56569,1
3.56593,1
3.56619,1
3.56756,1
3.5683,1
3.56861,1
3.56885,1
3.56894,1
3.5697,1
3.57001,1
3.57025,1
3.57051,1
3.57189,1
3.57262,1
3.57293,1
3.57317,1
3.57327,1
3.57402,1
3.57434,1
3.57457,1
3.57484,1
3.57621,1
3.57694,1
3.57726,1
3.57749,1
3.57759,1
3.57834,1
3.57866,1
3.57889,1
3.57916,1
3.58054,1
3.58126,1
3.58158,1
3.58181,1
3.58192,1
3.58267,1
3.58298,1
3.58322,1
3.58349,1
3.58487,1
3.58559,1
3.5859,1
3.58614,1
3.58624,1
3.58699,1
3.5873,1
3.58754,1
3.58781,1
3.58919,1
3.58991,1
3.59022,1
3.59046,1
3.59057,1
3.59131,1
3.59162,1
3.59186,1
3.59214,1
3.59352,1
3.59423,1
3.59454,1
3.59478,1
3.59489,1
3.59563,1
3.59594,1
3.59618,1
3.59647,1
3.59784,1
3.59855,1
3.59886,1
3.5991,1
3.59922,1
3.59995,1
3.60027,1
3.6005,1
3.60079,1
3.60217,1
3.60287,1
3.60319,1
3.60342,1
3.60354,1
3.60427,1
3.60459,1
3.60482,1
3.60512,1
3.60649,1
3.60719,1
3.60751,1
3.60774,1
3.60787,1
3.60859,1
3.60891,1
3.60915,1
3.60944,1
3.61082,1
3.61151,1
3.61183,1
3.61207,1
3.61219,1
3.61292,1
3.61323,1
3.61347,1
3.61377,1
3.61514,1
3.61584,1
3.61615,1
3.61639,1
3.61652,1
3.61724,1
3.61755,1
3.61779,1
3.61809,1
3.61947,1
3.62016,1
3.62047,1
3.62071,1
3.62084,1
3.62156,1
3.62187,1
3.62211,1
3.62242,1
3.62379,1
3.62448,1
3.62479,1
3.62503,1
3.62517,1
3.62588,1
3.6262,1
3.62643,1
3.62674,1
3.62812,1
3.6288,1
3.62912,1
3.62935,1
3.62949,1
3.6302,1
3.63052,1
3.63075,1
3.63107,1
3.63244,1
3.63312,1
3.63344,1
3.63367,1
3.63382,1
3.63452,1
3.63484,1
3.63507,1
3.63539,1
3.63677,1
3.63744,1
3.63776,1
3.63799,1
3.63815,1
3.63885,1
3.63916,1
3.6394,1
3.63972,1
3.64109,1
3.64177,1
3.64208,1
3.64232,1
3.64247,1
3.64317,1
3.64348,1
3.64372,1
3.64404,1
3.64542,1
3.64609,1
3.6464,1
3.64664,1
3.6468,1
3.64749,1
3.6478,1
3.64804,1
3.64837,1
3.64975,1
3.65053,1
3.65084,1
3.65108,1
3.65112,1
3.65181,1
3.65213,1
3.65236,1
3.65269,1
3.65407,1
3.65485,1
3.65516,1
3.6554,1
3.65545,1
3.65613,1
3.65645,1
3.65668,1
3.65702,1
3.6584,1
3.65917,1
3.65948,1
3.65972,1
3.65977,1
3.66045,1
3.66077,1
3.661,1
3.66135,1
3.66272,1
3.66349,1
3.66381,1
3.66404,1
3.6641,1
3.66478,1
3.66509,1
3.66533,1
3.66567,1
3.66705,1
3.66781,1
3.66813,1
3.66836,1
3.66842,1
3.6691,1
3.66941,1
3.66965,1
3.67,1
3.67138,1
3.67213,1
3.67245,1
3.67268,1
3.67276,1
3.67342,1
3.67373,1
3.67397,1
3.67433,1
3.67571,1
3.67646,1
3.67677,1
3.67701,1
3.67709,1
3.67774,1
3.67805,1
3.67829,1
3.67866,1
3.68004,1
3.68078,1
3.68109,1
3.68133,1
3.68141,1
3.68218,1
3.68249,1
3.68273,1
3.68298,1
3.68436,1
3.6851,1
3.68541,1
3.68565,1
3.68574,1
3.6865,1
3.68681,1
3.68705,1
3.68731,1
3.68869,1
3.68942,1
3.68973,1
3.68997,1
3.69006,1
3.69082,1
3.69114,1
3.69137,1
3.69164,1
3.69301,1
3.69374,1
3.69406,1
3.69429,1
3.69439,1
3.69514,1
3.69546,1
3.69569,1
3.69596,1
3.69734,1
3.69806,1
3.69838,1
3.69861,1
3.69871,1
3.69947,1
3.69978,1
3.70002,1
3.70029,1
3.70166,1
3.70239,1
3.7027,1
3.70294,1
3.70304,1
3.70379,1
3.7041,1
3.70434,1
3.70461,1
3.70599,1
3.70671,1
3.70702,1
3.70726,1
3.70736,1
3.70811,1
3.70842,1
3.70866,1
3.70894,1
3.71031,1
3.71103,1
3.71134,1
3.71158,1
3.71169,1
3.71243,1
3.71274,1
3.71298,1
3.71326,1
3.71464,1
3.71601,1
3.71759,1
3.71896,1
3.72034,1
3.72191,1
3.72329,1
3.72466,1
3.72624,1
3.72761,1
3.72899,1
3.73056,1
3.73194,1
3.73332,1
3.73489,1
3.74373,1
3.74405,1
3.74428,1
3.74595,1
3.74627,1
3.7465,1
3.74899,1
3.7493,1
3.74954,1
3.75062,1
3.75094,1
3.75117,1
3.75366,1
3.75397,1
3.75421,1
3.75495,1
3.75526,1
3.7555,1
3.75798,1
3.7583,1
3.75853,1
3.75927,1
3.75958,1
3.75982,1
3.7623,1
3.76262,1
3.76285,1
3.76359,1
3.7639,1
3.76414,1
3.76459,1
3.76597,1
3.76663,1
3.76694,1
3.76718,1
3.7676,1
3.76791,1
3.76822,1
3.76846,1
3.76985,1
3.77095,1
3.77122,1
3.77126,1
3.7715,1
3.77235,1
3.77266,1
3.7728,1
3.7729,1
3.77452,1
3.77527,1
3.77558,1
3.77582,1
3.77589,1
3.77667,1
3.77698,1
3.77722,1
3.77747,1
3.77884,1
3.77959,1
3.7799,1
3.78014,1
3.78022,1
3.78099,1
3.78131,1
3.78154,1
3.78179,1
3.78317,1
3.78391,1
3.78423,1
3.78446,1
3.78455,1
3.78531,1
3.78563,1
3.78586,1
3.78612,1
3.78749,1
3.78823,1
3.78855,1
3.78878,1
3.78887,1
3.78963,1
3.78995,1
3.79019,1
3.79044,1
3.79182,1
3.79255,1
3.79287,1
3.79311,1
3.7932,1
3.79396,1
3.79427,1
3.79451,1
3.79477,1
3.79615,1
3.79688,1
3.79719,1
3.79743,1
3.79752,1
3.79828,1
3.79859,1
3.79883,1
3.79909,1
3.80047,1
3.8012,1
3.80151,1
3.80175,1
3.80185,1
3.8026,1
3.80291,1
3.80315,1
3.80342,1
3.8048,1
3.80552,1
3.80583,1
3.80607,1
3.80617,1
3.80692,1
3.80724,1
3.80747,1
3.80775,1
3.80912,1
3.80984,1
3.81016,1
3.81039,1
3.8105,1
3.81124,1
3.81156,1
3.81179,1
3.81207,1
3.81345,1
3.81416,1
3.81448,1
3.81471,1
3.81482,1
3.81556,1
3.81588,1
3.81611,1
3.8164,1
3.81777,1
3.81848,1
3.8188,1
3.81903,1
3.81915,1
3.81989,1
3.8202,1
3.82044,1
3.82072,1
3.8221,1
3.82281,1
3.82312,1
3.82336,1
3.82347,1
3.82421,1
3.82452,1
3.82476,1
3.82505,1
3.82642,1
3.82713,1
3.82744,1
3.82768,1
3.8278,1
3.82853,1
3.82884,1
3.82908,1
3.82937,1
3.83075,1
3.83145,1
3.83176,1
3.832,1
3.83212,1
3.83285,1
3.83317,1
3.8334,1
3.8337,1
3.83507,1
3.83577,1
3.83609,1
3.83632,1
3.83645,1
3.83717,1
3.83749,1
3.83772,1
3.83802,1
3.8394,1
3.84009,1
3.84041,1
3.84064,1
3.84077,1
3.84149,1
3.84181,1
3.84204,1
3.84235,1
3.84372,1
3.84441,1
3.84473,1
3.84496,1
3.8451,1
3.84582,1
3.84613,1
3.84637,1
3.84667,1
3.84805,1
3.84874,1
3.84905,1
3.84929,1
3.84943,1
3.85014,1
3.85045,1
3.85069,1
3.851,1
3.85237,1
3.85306,1
3.85337,1
3.85361,1
3.85375,1
3.85446,1
3.85477,1
3.85501,1
3.85532,1
3.8567,1
3.85738,1
3.85769,1
3.85793,1
3.85808,1
3.85878,1
3.85909,1
3.85933,1
3.85965,1
3.86103,1
3.8617,1
3.86201,1
3.86225,1
3.8624,1
3.8631,1
3.86342,1
3.86365,1
3.86397,1
3.86535,1
3.86602,1
3.86634,1
3.86657,1
3.86673,1
3.86742,1
3.86774,1
3.86797,1
3.8683,1
3.86968,1
3.87034,1
3.87066,1
3.87089,1
3.87105,1
3.87175,1
3.87206,1
3.8723,1
3.87263,1
3.874,1
3.87478,1
3.8751,1
3.87533,1
3.87538,1
3.87607,1
3.87638,1
3.87662,1
3.87695,1
3.87833,1
3.8791,1
3.87942,1
3.87965,1
3.8797,1
3.88039,1
3.8807,1
3.88094,1
3.88128,1
3.88265,1
3.88343,1
3.88374,1
3.88398,1
3.88403,1
3.88471,1
3.88502,1
3.88526,1
3.8856,1
3.88698,1
3.88775,1
3.88806,1
3.8883,1
3.88835,1
3.88903,1
3.88935,1
3.88958,1
3.88993,1
3.8913,1
3.89207,1
3.89238,1
3.89262,1
3.89268,1
3.89347,1
3.89378,1
3.89402,1
3.89425,1
3.89564,1
3.89639,1
3.8967,1
3.89694,1
3.89702,1
3.89779,1
3.89811,1
3.89834,1
3.89859,1
3.89997,1
3.90071,1
3.90103,1
3.90126,1
3.90134,1
3.90211,1
3.90243,1
3.90266,1
3.90292,1
3.90429,1
3.90503,1
3.90535,1
3.90558,1
3.90567,1
3.90643,1
3.90675,1
3.90699,1
3.90724,1
3.90862,1
3.90935,1
3.90967,1
3.90991,1
3.90999,1
3.91076,1
3.91107,1
3.91131,1
3.91157,1
3.91294,1
3.91368,1
3.91399,1
3.91423,1
3.91432,1
3.91508,1
3.91539,1
3.91563,1
3.91589,1
3.91727,1
3.918,1
3.91831,1
3.91855,1
3.91864,1
3.9194,1
3.91971,1
3.91995,1
3.92022,1
3.92159,1
3.92232,1
3.92263,1
3.92287,1
3.92297,1
3.92372,1
3.92404,1
3.92427,1
3.92454,1
3.92592,1
3.92664,1
3.92696,1
3.92719,1
3.92729,1
3.92804,1
3.92836,1
3.92859,1
3.92887,1
3.93024,1
3.93096,1
3.93128,1
3.93151,1
3.93162,1
3.93236,1
3.93268,1
3.93291,1
3.93319,1
3.93457,1
3.93528,1
3.9356,1
3.93583,1
3.93594,1
3.93752,1
3.93889,1
3.94027,1
3.94184,1
3.94322,1
3.9446,1
3.94617,1
3.94754,1
3.94892,1
3.95049,1
3.95187,1
3.95325,1
3.95482,1
3.9562,1
3.95757,1
3.96495,1
3.96527,1
3.9655,1
3.96799,1
3.9683,1
3.96854,1
3.97021,1
3.97052,1
3.97076,1
3.97324,1
3.97356,1
3.97379,1
3.97488,1
3.97519,1
3.97543,1
3.97792,1
3.97823,1
3.97847,1
3.9792,1
3.97952,1
3.97975,1
3.98224,1
3.98255,1
3.98279,1
3.98352,1
3.98384,1
3.98407,1
3.98656,1
3.9866,1
3.98687,1
3.98711,1
3.98784,1
3.98816,1
3.98839,1
3.98885,1
3.99022,1
3.99088,1
3.9912,1
3.99143,1
3.99185,1
3.99217,1
3.99248,1
3.99272,1
3.9941,1
3.9952,1
3.99548,1
3.99552,1
3.99575,1
3.9966,1
3.99692,1
3.99705,1
3.99715,1
3.99877,1
3.99952,1
3.99984,1
4.00007,1
4.00015,1
4.00093,1
4.00124,1
4.00148,1
4.00172,1
4.0031,1
4.00385,1
4.00416,1
4.0044,1
4.00448,1
4.00525,1
4.00556,1
4.0058,1
4.00605,1
4.00743,1
4.00817,1
4.00848,1
4.00872,1
4.0088,1
4.00957,1
4.00988,1
4.01012,1
4.01037,1
4.01175,1
4.01249,1
4.0128,1
4.01304,1
4.01313,1
4.01389,1
4.01421,1
4.01444,1
4.0147,1
4.01608,1
4.01681,1
4.01713,1
4.01736,1
4.01745,1
4.01821,1
4.01853,1
4.01876,1
4.01903,1
4.0204,1
4.02113,1
4.02145,1
4.02168,1
4.02178,1
4.02253,1
4.02285,1
4.02308,1
4.02335,1
4.02473,1
4.02545,1
4.02577,1
4.026,1
4.0261,1
4.02686,1
4.02717,1
4.02741,1
4.02768,1
4.02905,1
4.02978,1
4.03009,1
4.03033,1
4.03043,1
4.03118,1
4.03149,1
4.03173,1
4.032,1
4.03338,1
4.0341,1
4.03441,1
4.03465,1
4.03475,1
4.0355,1
4.03581,1
4.03605,1
4.03633,1
4.0377,1
4.03842,1
4.03873,1
4.03897,1
4.03908,1
4.03982,1
4.04013,1
4.04037,1
4.04065,1
4.04203,1
4.04274,1
4.04305,1
4.04329,1
4.0434,1
4.04414,1
4.04446,1
4.04469,1
4.04498,1
4.04635,1
4.04706,1
4.04738,1
4.04761,1
4.04773,1
4.04846,1
4.04878,1
4.04901,1
4.0493,1
4.05068,1
4.05138,1
4.0517,1
4.05193,1
4.05205,1
4.05279,1
4.0531,1
4.05334,1
4.05363,1
4.055,1
4.05571,1
4.05602,1
4.05626,1
4.05638,1
4.05711,1
4.05742,1
4.05766,1
4.05795,1
4.05933,1
4.06003,1
4.06034,1
4.06058,1
4.06071,1
4.06143,1
4.06174,1
4.06198,1
4.06228,1
4.06365,1
4.06435,1
4.06466,1
4.0649,1
4.06503,1
4.06575,1
4.06606,1
4.0663,1
4.0666,1
4.06798,1
4.06867,1
4.06898,1
4.06922,1
4.06936,1
4.07007,1
4.07039,1
4.07062,1
4.07093,1
4.07231,1
4.07299,1
4.07331,1
4.07354,1
4.07368,1
4.07439,1
4.07471,1
4.07494,1
4.07525,1
4.07663,1
4.07731,1
4.07763,1
4.07786,1
4.07801,1
4.07871,1
4.07903,1
4.07927,1
4.07958,1
4.08096,1
4.08163,1
4.08195,1
4.08219,1
4.08233,1
4.08304,1
4.08335,1
4.08359,1
4.08391,1
4.08528,1
4.08596,1
4.08627,1
4.08651,1
4.08666,1
4.08736,1
4.08767,1
4.08791,1
4.08823,1
4.08961,1
4.09028,1
4.09059,1
4.09083,1
4.09098,1
4.09168,1
4.09199,1
4.09223,1
4.09256,1
4.09393,1
4.0946,1
4.09491,1
4.09515,1
4.09531,1
4.096,1
4.09632,1
4.09655,1
4.09688,1
4.09826,1
4.09904,1
4.09935,1
4.09959,1
4.09963,1
4.10032,1
4.10064,1
4.10087,1
4.10121,1
4.10258,1
4.10336,1
4.10367,1
4.10391,1
4.10396,1
4.10464,1
4.10496,1
4.10519,1
4.10553,1
4.10691,1
4.10768,1
4.108,1
4.10823,1
4.10828,1
4.10897,1
4.10928,1
4.10952,1
4.10986,1
4.11123,1
4.112,1
4.11232,1
4.11255,1
4.11261,1
4.11329,1
4.1136,1
4.11384,1
4.11418,1
4.11556,1
4.11632,1
4.11664,1
4.11687,1
4.11693,1
4.11773,1
4.11804,1
4.11828,1
4.11851,1
4.1199,1
4.12065,1
4.12096,1
4.1212,1
4.12127,1
4.12205,1
4.12236,1
4.1226,1
4.12285,1
4.12422,1
4.12497,1
4.12528,1
4.12552,1
4.1256,1
4.12637,1
4.12668,1
4.12692,1
4.12717,1
4.12855,1
4.12929,1
4.1296,1
4.12984,1
4.12992,1
4.13069,1
4.13101,1
4.13124,1
4.1315,1
4.13287,1
4.13361,1
4.13393,1
4.13416,1
4.13425,1
4.13501,1
4.13533,1
4.13556,1
4.13582,1
4.1372,1
4.13793,1
4.13825,1
4.13848,1
4.13857,1
4.13933,1
4.13965,1
4.13988,1
4.14015,1
4.14152,1
4.14225,1
4.14257,1
4.1428,1
4.1429,1
4.14366,1
4.14397,1
4.14421,1
4.14447,1
4.14585,1
4.14658,1
4.14689,1
4.14713,1
4.14722,1
4.14798,1
4.14829,1
4.14853,1
4.1488,1
4.15017,1
4.1509,1
4.15121,1
4.15145,1
4.15155,1
4.1523,1
4.15261,1
4.15285,1
4.15312,1
4.1545,1
4.15522,1
4.15553,1
4.15577,1
4.15588,1
4.15662,1
4.15693,1
4.15717,1
4.15745,1
4.15882,1
4.1602,1
4.16177,1
4.16315,1
4.16453,1
4.1661,1
4.16748,1
4.16885,1
4.17042,1
4.1718,1
4.17318,1
4.17475,1
4.17613,1
4.1775,1
4.17908,1
4.18699,1
4.1873,1
4.18754,1
4.18921,1
4.18952,1
4.18976,1
4.19224,1
4.19256,1
4.19279,1
4.19446,1
4.19478,1
4.19501,1
4.1975,1
4.19781,1
4.19805,1
4.19914,1
4.19945,1
4.19969,1
4.20217,1
4.20249,1
4.20272,1
4.20346,1
4.20377,1
4.20401,1
4.20649,1
4.20681,1
4.20704,1
4.20778,1
4.20785,1
4.20809,1
4.20833,1
4.20922,1
4.21082,1
4.21085,1
4.21113,1
4.21137,1
4.2121,1
4.21241,1
4.21265,1
4.2131,1
4.21448,1
4.21514,1
4.21545,1
4.21569,1
4.21611,1
4.21642,1
4.21674,1
4.21697,1
4.21836,1
4.21946,1
4.21973,1
4.21977,1
4.22001,1
4.22086,1
4.22117,1
4.22131,1
4.22141,1
4.22303,1
4.22378,1
4.22409,1
4.22433,1
4.22441,1
4.22518,1
4.2255,1
4.22573,1
4.22598,1
4.22736,1
4.2281,1
4.22842,1
4.22865,1
4.22873,1
4.2295,1
4.22982,1
4.23005,1
4.23031,1
4.23168,1
4.23242,1
4.23274,1
4.23297,1
4.23306,1
4.23383,1
4.23414,1
4.23438,1
4.23463,1
4.23601,1
4.23675,1
4.23706,1
4.2373,1
4.23738,1
4.23815,1
4.23846,1
4.2387,1
4.23896,1
4.24033,1
4.24107,1
4.24138,1
4.24162,1
4.24171,1
4.24247,1
4.24278,1
4.24302,1
4.24328,1
4.24466,1
4.24539,1
4.2457,1
4.24594,1
4.24603,1
4.24679,1
4.2471,1
4.24734,1
4.24761,1
4.24898,1
4.24971,1
4.25002,1
4.25026,1
4.25036,1
4.25111,1
4.25143,1
4.25166,1
4.25193,1
4.25331,1
4.25403,1
4.25435,1
4.25458,1
4.25468,1
4.25543,1
4.25575,1
4.25598,1
4.25626,1
4.25763,1
4.25835,1
4.25867,1
4.2589,1
4.25901,1
4.25975,1
4.26007,1
4.26031,1
4.26058,1
4.26196,1
4.26267,1
4.26299,1
4.26323,1
4.26333,1
4.26408,1
4.26439,1
4.26463,1
4.26491,1
4.26628,1
4.267,1
4.26731,1
4.26755,1
4.26766,1
4.2684,1
4.26871,1
4.26895,1
4.26923,1
4.27061,1
4.27132,1
4.27163,1
4.27187,1
4.27199,1
4.27272,1
4.27303,1
4.27327,1
4.27356,1
4.27493,1
4.27564,1
4.27595,1
4.27619,1
4.27631,1
4.27704,1
4.27736,1
4.27759,1
4.27788,1
4.27926,1
4.27996,1
4.28028,1
4.28051,1
4.28064,1
4.28136,1
4.28168,1
4.28191,1
4.28221,1
4.28359,1
4.28428,1
4.2846,1
4.28483,1
4.28496,1
4.28568,1
4.286,1
4.28623,1
4.28653,1
4.28791,1
4.2886,1
4.28892,1
4.28915,1
4.28929,1
4.29001,1
4.29032,1
4.29056,1
4.29086,1
4.29224,1
4.29293,1
4.29324,1
4.29348,1
4.29361,1
4.29433,1
4.29464,1
4.29488,1
4.29519,1
4.29656,1
4.29725,1
4.29756,1
4.2978,1
4.29794,1
4.29865,1
4.29896,1
4.2992,1
4.29951,1
4.30089,1
4.30157,1
4.30188,1
4.30212,1
4.30226,1
4.30297,1
4.30329,1
4.30352,1
4.30384,1
4.30521,1
4.30589,1
4.30621,1
4.30644,1
4.30659,1
4.30729,1
4.30761,1
4.30784,1
4.30816,1
4.30954,1
4.31021,1
4.31053,1
4.31076,1
4.31091,1
4.31161,1
4.31193,1
4.31216,1
4.31249,1
4.31386,1
4.31453,1
4.31485,1
4.31508,1
4.31524,1
4.31594,1
4.31625,1
4.31649,1
4.31681,1
4.31819,1
4.31886,1
4.31917,1
4.31941,1
4.31956,1
4.32026,1
4.32057,1
4.32081,1
4.32114,1
4.32251,1
4.32329,1
4.32361,1
4.32384,1
4.32389,1
4.32458,1
4.32489,1
4.32513,1
4.32546,1
4.32684,1
4.32762,1
4.32793,1
4.32817,1
4.32821,1
4.3289,1
4.32921,1
4.32945,1
4.32979,1
4.33116,1
4.33194,1
4.33225,1
4.33249,1
4.33254,1
4.33322,1
4.33354,1
4.33377,1
4.33411,1
4.33549,1
4.33626,1
4.33657,1
4.33681,1
4.33687,1
4.33754,1
4.33786,1
4.33809,1
4.33844,1
4.33981,1
4.34058,1
4.34089,1
4.34113,1
4.34119,1
4.34198,1
4.3423,1
4.34253,1
4.34276,1
4.34415,1
4.3449,1
4.34522,1
4.34545,1
4.34553,1
4.3463,1
4.34662,1
4.34685,1
4.3471,1
4.34848,1
4.34922,1
4.34954,1
4.34977,1
4.34985,1
4.35063,1
4.35094,1
4.35118,1
4.35143,1
4.3528,1
4.35355,1
4.35386,1
4.3541,1
4.35418,1
4.35495,1
4.35526,1
4.3555,1
4.35575,1
4.35713,1
4.35818,1
4.35842,1
4.3585,1
4.35927,1
4.35958,1
4.35982,1
4.36008,1
4.36145,1
4.36219,1
4.3625,1
4.36274,1
4.36283,1
4.36359,1
4.3639,1
4.36414,1
4.3644,1
4.36578,1
4.36651,1
4.36682,1
4.36706,1
4.36716,1
4.36791,1
4.36823,1
4.36846,1
4.36873,1
4.3701,1
4.37083,1
4.37115,1
4.37138,1
4.37148,1
4.37223,1
4.37255,1
4.37278,1
4.37305,1
4.37443,1
4.37515,1
4.37547,1
4.3757,1
4.37581,1
4.37655,1
4.37687,1
4.37711,1
4.37738,1
4.37905,1
4.37947,1
4.37964,1
4.37979,1
4.38003,1
4.38043,1
4.38121,1
4.3818,1
4.38306,1
4.38384,1
4.38443,1
4.38522,1
4.38601,1
4.3866,1
4.38738,1
4.38817,1
4.38876,1
4.38955,1
4.39033,1
4.39092,1
4.39171,1
4.39249,1
4.39308,1
4.39387,1
4.39466,1
4.39525,1
4.39603,1
4.39682,1
4.39741,1
4.3982,1
4.39898,1
4.39957,1
4.40036,1
4.40115,1
4.40173,1
4.40821,1
4.40852,1
4.40876,1
4.41124,1
4.41156,1
4.41179,1
4.41346,1
4.41378,1
4.41401,1
4.4165,1
4.41681,1
4.41705,1
4.41872,1
4.41903,1
4.41927,1
4.42176,1
4.42207,1
4.42231,1
4.42339,1
4.42371,1
4.42394,1
4.42643,1
4.42674,1
4.42698,1
4.42771,1
4.42803,1
4.42826,1
4.42908,1
4.42986,1
4.43045,1
4.43075,1
4.43106,1
4.4313,1
4.43203,1
4.43211,1
4.43235,1
4.43259,1
4.4329,1
4.43349,1
4.43433,1
4.43507,1
4.43512,1
4.43539,1
4.43562,1
4.43571,1
4.43636,1
4.43667,1
4.43691,1
4.43737,1
4.43816,1
4.43875,1
4.43939,1
4.43959,1
4.43971,1
4.43994,1
4.44038,1
4.44068,1
4.44096,1
4.44099,1
4.44123,1
4.44263,1
4.44341,1
4.44371,1
4.444,1
4.44403,1
4.44427,1
4.44479,1
4.44512,1
4.44543,1
4.44557,1
4.44567,1
4.44616,1
4.4473,1
4.44804,1
4.44808,1
4.44835,1
4.44859,1
4.44867,1
4.44944,1
4.44946,1
4.44975,1
4.44999,1
4.45025,1
4.45084,1
4.45162,1
4.45236,1
4.45241,1
4.45267,1
4.45291,1
4.453,1
4.45376,1
4.45379,1
4.45407,1
4.45431,1
4.45457,1
4.45516,1
4.45595,1
4.45668,1
4.45673,1
4.45699,1
4.45723,1
4.45732,1
4.45808,1
4.45811,1
4.4584,1
4.45863,1
4.4589,1
4.45949,1
4.46027,1
4.461,1
4.46106,1
4.46132,1
4.46155,1
4.46165,1
4.4624,1
4.46244,1
4.46272,1
4.46295,1
4.46322,1
4.46381,1
4.4646,1
4.46532,1
4.46539,1
4.46564,1
4.46587,1
4.46597,1
4.46672,1
4.46676,1
4.46704,1
4.46727,1
4.46755,1
4.46814,1
4.46892,1
4.46964,1
4.46971,1
4.46996,1
4.47019,1
4.4703,1
4.47105,1
4.47109,1
4.47136,1
4.4716,1
4.47187,1
4.47246,1
4.47325,1
4.47397,1
4.47404,1
4.47428,1
4.47452,1
4.47463,1
4.47537,1
4.47541,1
4.47568,1
4.47592,1
4.4762,1
4.47679,1
4.47757,1
4.47829,1
4.47836,1
4.4786,1
4.47884,1
4.47895,1
4.47969,1
4.47974,1
4.48,1
4.48024,1
4.48052,1
4.48111,1
4.4819,1
4.48261,1
4.48269,1
4.48292,1
4.48316,1
4.48328,1
4.48401,1
4.48406,1
4.48433,1
4.48456,1
4.48485,1
4.48544,1
4.48623,1
4.48693,1
4.48701,1
4.48725,1
4.48748,1
4.4876,1
4.48833,1
4.48839,1
4.48865,1
4.48888,1
4.48917,1
4.48976,1
4.49055,1
4.49125,1
4.49134,1
4.49157,1
4.4918,1
4.49193,1
4.49265,1
4.49271,1
4.49297,1
4.4932,1
4.4935,1
4.49409,1
4.49488,1
4.49557,1
4.49566,1
4.49589,1
4.49612,1
4.49625,1
4.49698,1
4.49704,1
4.49729,1
4.49753,1
4.49783,1
4.49841,1
4.4992,1
4.4999,1
4.49999,1
4.50021,1
4.50045,1
4.50058,1
4.5013,1
4.50136,1
4.50161,1
4.50185,1
4.50215,1
4.50274,1
4.50353,1
4.50422,1
4.50431,1
4.50453,1
4.50477,1
4.5049,1
4.50562,1
4.50569,1
4.50593,1
4.50617,1
4.50648,1
4.50707,1
4.50785,1
4.50854,1
4.50864,1
4.50885,1
4.50909,1
4.50923,1
4.50994,1
4.51001,1
4.51025,1
4.51049,1
4.5108,1
4.51139,1
4.51218,1
4.51286,1
4.51296,1
4.51317,1
4.51341,1
4.51355,1
4.51426,1
4.51434,1
4.51458,1
4.51481,1
4.51513,1
4.51572,1
4.5165,1
4.51718,1
4.51729,1
4.5175,1
4.51773,1
4.51788,1
4.51858,1
4.51867,1
4.5189,1
4.51913,1
4.51945,1
4.52004,1
4.52083,1
4.5215,1
4.52161,1
4.52182,1
4.52205,1
4.5222,1
4.52291,1
4.52299,1
4.52322,1
4.52346,1
4.52378,1
4.52437,1
4.52515,1
4.52583,1
4.52594,1
4.52614,1
4.52638,1
4.52653,1
4.52723,1
4.52732,1
4.52754,1
4.52778,1
4.5281,1
4.52869,1
4.52948,1
4.53015,1
4.53027,1
4.53046,1
4.5307,1
4.53085,1
4.53155,1
4.53164,1
4.53186,1
4.5321,1
4.53243,1
4.53302,1
4.5338,1
4.53447,1
4.53459,1
4.53478,1
4.53502,1
4.53518,1
4.53587,1
4.53597,1
4.53618,1
4.53642,1
4.53675,1
4.53734,1
4.53813,1
4.53879,1
4.53892,1
4.5391,1
4.53934,1
4.53951,1
4.54019,1
4.54029,1
4.54051,1
4.54074,1
4.54108,1
4.54167,1
4.54245,1
4.54311,1
4.54324,1
4.54343,1
4.54366,1
4.54383,1
4.54451,1
4.54462,1
4.54483,1
4.54506,1
4.5454,1
4.54599,1
4.54678,1
4.54755,1
4.54757,1
4.54786,1
4.5481,1
4.54816,1
4.54883,1
4.54894,1
4.54915,1
4.54939,1
4.54973,1
4.55032,1
4.55111,1
4.55187,1
4.55189,1
4.55219,1
4.55242,1
4.55248,1
4.55316,1
4.55327,1
4.55347,1
4.55371,1
4.55405,1
4.55464,1
4.55543,1
4.55619,1
4.55622,1
4.55651,1
4.55674,1
4.55681,1
4.55748,1
4.55759,1
4.55779,1
4.55803,1
4.55838,1
4.55897,1
4.55976,1
4.56051,1
4.56054,1
4.56083,1
4.56107,1
4.56113,1
4.5618,1
4.56192,1
4.56211,1
4.56235,1
4.56271,1
4.56329,1
4.56408,1
4.56484,1
4.56487,1
4.56515,1
4.56539,1
4.56546,1
4.56624,2
4.56655,1
4.56679,1
4.56703,1
4.56762,1
4.56842,1
4.56916,1
4.56921,1
4.56947,1
4.56971,1
4.5698,1
4.57056,1
4.57058,1
4.57087,1
4.57111,1
4.57137,1
4.57196,1
4.57274,1
4.57348,1
4.57353,1
4.57379,1
4.57403,1
4.57412,1
4.57488,1
4.57491,1
4.5752,1
4.57543,1
4.57569,1
4.57628,1
4.57707,1
4.5778,1
4.57786,1
4.57812,1
4.57835,1
4.57845,1
4.57923,1
4.58002,1
4.58061,1
4.58077,1
4.5814,1
4.58218,1
4.58277,1
4.58356,1
4.58419,1
4.58434,1
4.58493,1
4.58557,1
4.58572,1
4.58651,1
4.58694,1
4.5871,1
4.58788,1
4.58852,1
4.58867,1
4.58926,1
4.59005,1
4.59068,1
4.59083,1
4.59142,1
4.59206,1
4.59221,1
4.593,1
4.59343,1
4.59358,1
4.59437,1
4.59501,1
4.59516,1
4.59575,1
4.59653,1
4.59717,1
4.59732,1
4.59791,1
4.59854,1
4.5987,1
4.59948,1
4.59992,1
4.60007,1
4.60149,1
4.60163,1
4.60505,1
4.60643,1
4.6078,1
4.60938,1
4.61154,1
4.61291,1
4.61429,1
4.61586,1
4.61803,1
4.6194,1
4.62078,1
4.62235,1
4.63021,1
4.63246,1
4.63384,1
4.63547,1
4.6385,1
4.63994,1
4.64131,1
4.64376,1
4.64592,1
4.64765,1
4.64902,1
4.65059,1
4.65107,1
4.65276,1
4.65332,1
4.65413,1
4.6547,1
4.65551,1
4.65633,1
4.65708,1
4.65925,1
4.65936,1
4.66062,1
4.6608,1
4.662,1
4.66217,1
4.66357,1
4.66462,1
4.66495,1
4.66678,1
4.66711,1
4.66849,1
4.6685,1
4.66988,1
4.67006,1
4.67143,1
4.67145,1
4.6736,1
4.67362,1
4.67497,1
4.67499,1
4.67637,1
4.67655,1
4.67792,1
4.67794,1
4.68009,1
4.6801,1
4.68146,1
4.68148,1
4.68286,1
4.68303,1
4.68441,1
4.68443,1
4.68581,1
4.68657,1
4.68795,1
4.68797,1
4.68934,1
4.68952,1
4.6909,1
4.69092,1
4.69229,1
4.69306,1
4.69444,1
4.69446,1
4.69583,1
4.69601,1
4.69739,1
4.69741,1
4.69878,1
4.69955,1
4.70093,1
4.70094,1
4.70232,1
4.7025,1
4.70387,1
4.70389,1
4.70525,1
4.70527,1
4.70741,1
4.70743,1
4.70881,1
4.70899,1
4.71038,1
4.71176,1
4.71392,1
4.7153,1
4.71687,1
4.71825,1
4.72041,1
4.72178,1
4.72336,1
4.72473,1
4.72611,1
4.72827,1
4.72985,1
4.75578,1
4.75657,1
4.75794,1
4.75873,1
4.7601,1
4.76089,1
4.76227,1
4.76305,1
4.76443,1
4.76522,1
4.76659,1
4.76738,1
4.76877,1
4.76955,1
4.77093,1
4.77172,1
4.77309,1
4.77388,1
4.77525,1
4.77604,1
4.77664,1
4.77742,2
4.7782,1
4.7788,1
4.77958,1
4.77959,1
4.78037,1
4.78096,1
4.78174,1
4.78175,1
4.78253,1
4.78313,1
4.78391,2
4.78469,1
4.78529,1
4.78607,2
4.78685,1
4.78745,1
4.78823,1
4.78824,1
4.78902,1
4.78963,1
4.79039,1
4.79041,1
4.79118,1
4.79179,1
4.79256,1
4.79257,1
4.79334,1
4.79395,1
4.79472,1
4.79474,1
4.79551,1
4.79611,1
4.79688,1
4.7969,1
4.79767,1
4.79828,1
4.79904,1
4.79906,1
4.79928,1
4.80044,1
4.80123,1
4.80206,1
4.80237,1
4.8026,1
4.80261,1
4.80292,1
4.80324,1
4.80339,1
4.80347,1
4.80379,1
4.8041,1
4.80434,1
4.80465,1
4.80476,1
4.80497,1
4.8052,1
4.80552,1
4.80555,1
4.80583,1
4.80607,1
4.80638,1
4.8067,1
4.80693,2
4.80725,1
4.80756,1
4.80771,1
4.8078,1
4.80811,1
4.80843,1
4.80866,1
4.80898,1
4.80909,1
4.80929,1
4.80953,1
4.80984,1
4.80988,1
4.81016,1
4.81039,1
4.81071,1
4.81102,1
4.81125,1
4.81126,1
4.81157,1
4.81189,1
4.81204,1
4.81212,1
4.81244,1
4.81275,1
4.81299,1
4.8133,1
4.81341,1
4.81362,1
4.81385,1
4.81417,1
4.8142,1
4.81448,1
4.81472,1
4.81503,1
4.81535,1
4.81558,2
4.8159,1
4.81621,1
4.81636,1
4.81645,1
4.81676,1
4.81708,1
4.81731,1
4.81763,1
4.81774,1
4.81794,1
4.81818,1
4.81849,1
4.81853,1
4.81881,1
4.81904,1
4.81936,1
4.81967,1
4.8199,1
4.81991,1
4.82022,1
4.82049,1
4.82054,1
4.82077,1
4.82109,1
4.8214,1
4.82164,1
4.82195,1
4.82227,1
4.8225,1
4.82282,1
4.82313,1
4.82337,1
4.82368,1
4.8237,1
4.824,1
4.82423,1
4.82455,1
4.82486,1
4.82508,1
4.8251,1
4.82541,1
4.82573,1
4.82596,1
4.82645,1
4.82663,1
4.82742,1
4.82801,1
4.82803,1
4.8288,1
4.8294,1
4.82958,1
4.83017,1
4.83078,1
4.83096,1
4.83175,1
4.83233,1
4.83235,1
4.83312,1
4.83373,1
4.83391,1
4.8345,1
4.83511,1
4.83528,1
4.83607,1
4.83666,1
4.83668,1
4.83745,1
4.83805,1
4.83823,1
4.83882,1
4.83943,1
4.83961,1
4.8404,1
4.84099,1
4.841,1
4.84177,1
4.84238,1
4.84256,1
4.84315,1
4.84376,1
4.84393,1
4.84472,1
4.84531,1
4.84533,1
4.8461,1
4.84671,1
4.84688,1
4.84747,1
4.84808,1
4.84826,1
4.84905,1
4.84964,1
4.84965,1
4.85042,1
4.85103,1
4.85121,1
4.8518,1
4.85241,1
4.85259,1
4.85337,1
4.85396,1
4.85398,1
4.85475,1
4.85536,1
4.85553,1
4.85612,1
4.85673,1
4.85691,1
4.8577,1
4.85829,1
4.85831,1
4.85907,1
4.85968,1
4.85986,1
4.86106,1
4.86263,1
4.86401,1
4.86538,1
4.86696,1
4.86833,1
4.86971,1
4.87128,1
4.87266,1
4.87403,1
4.87561,1
4.87698,1
4.87836,1
4.87993,1
4.88131,1
4.88268,1
4.88426,1
4.88563,1
4.88701,1
4.88858,1
4.88996,1
4.89133,1
4.89291,1
4.89428,1
4.89566,1
4.89723,1
4.89861,1
4.89999,1
4.90156,1
4.90293,1
4.90431,1
4.90588,1
4.90726,1
4.90864,1
4.91021,1
4.91159,1
4.91296,1
4.91453,1
4.91591,1
5.02405,1
5.02436,1
5.02542,1
5.0268,1
5.02711,1
5.02837,1
5.02869,1
5.02975,1
5.03006,1
5.03112,1
5.03144,1
5.0327,1
5.03301,1
5.03407,1
5.03545,1
5.03576,1
5.03702,1
5.03734,1
5.0384,1
5.03871,1
5.03977,1
5.04009,1
5.04135,1
5.04166,1
5.04272,1
5.0441,1
5.04441,1
5.0449,1
5.04567,1
5.04599,1
5.04648,1
5.04705,1
5.04736,1
5.04842,1
5.04844,1
5.04874,1
5.05,1
5.05002,1
5.05031,1
5.05137,1
5.05159,1
5.05275,1
5.05306,1
5.05316,1
5.05432,1
5.05464,1
5.05474,1
5.0557,1
5.05601,1
5.05631,1
5.05708,1
5.05788,1
5.05865,1
5.05896,1
5.05928,1
5.05946,1
5.06002,1
5.06103,1
5.0614,1
5.06172,1
5.0626,1
5.06297,1
5.06329,1
5.06418,1
5.06435,1
5.06466,1
5.06573,1
5.06575,1
5.0673,1
5.06732,1
5.06761,1
5.06868,1
5.0689,1
5.06899,1
5.07005,1
5.07037,1
5.07047,1
5.07162,1
5.07194,1
5.07204,1
5.073,1
5.07332,1
5.07362,1
5.07438,1
5.07519,1
5.07595,1
5.07626,1
5.07676,1
5.07733,1
5.07764,1
5.07834,1
5.0787,1
5.07902,1
5.08028,1
5.08029,1
5.08059,1
5.08165,1
5.08187,1
5.08197,1
5.08303,1
5.08344,1
5.0846,1
5.08492,1
5.08501,1
5.08598,1
5.08629,1
5.08659,1
5.08735,1
5.08767,1
5.08816,1
5.08893,1
5.08924,1
5.08973,1
5.0903,1
5.09062,1
5.09131,1
5.09168,1
5.09288,1
5.09325,1
5.09357,1
5.09445,1
5.09463,1
5.09494,1
5.096,1
5.09603,1
5.09632,1
5.09758,1
5.0976,1
5.09789,1
5.09895,1
5.09917,1
5.10033,1
5.10064,1
5.10075,1
5.1019,1
5.10222,1
5.10232,1
5.10328,1
5.10359,1
5.10389,1
5.10465,1
5.10497,1
5.10547,1
5.10623,1
5.10654,1
5.10704,1
5.1076,1
5.10861,1
5.10898,1
5.10929,1
5.11019,1
5.11055,1
5.11087,1
5.11176,1
5.11193,1
5.11224,1
5.1133,1
5.11333,1
5.11362,1
5.11488,1
5.11491,1
5.11519,1
5.11625,1
5.11648,1
5.11805,1
5.11963,1
5.1212,1
5.12277,1
5.12435,1
5.12592,1
5.12749,1
5.12907,1
5.13064,1
5.13221,1
5.13379,1
5.13536,1
5.13693,1
5.24525,1
5.24556,1
5.24682,1
5.24714,1
5.24879,1
5.2491,1
5.25036,1
5.25067,1
5.25193,1
5.25225,1
5.25351,1
5.25382,1
5.25508,1
5.25539,1
5.25665,1
5.25697,1
5.25823,1
5.25854,1
5.2598,1
5.26011,1
5.26137,1
5.26169,1
5.26295,1
5.26326,1
5.26452,1
5.26483,1
5.26609,1
5.26611,1
5.26641,1
5.26767,1
5.26768,1
5.26798,1
5.26924,1
5.26955,1
5.26965,1
5.27081,1
5.27113,1
5.27122,1
5.27239,1
5.2727,1
5.27279,1
5.27396,1
5.27427,1
5.27437,1
5.27553,1
5.27585,1
5.27594,1
5.27711,1
5.27742,1
5.27751,1
5.27774,1
5.27868,1
5.27899,1
5.27909,1
5.28064,1
5.28066,1
5.28095,1
5.28221,1
5.28223,1
5.28253,1
5.28378,1
5.28381,1
5.2841,1
5.28536,1
5.28538,1
5.28567,1
5.28693,1
5.28695,1
5.28725,1
5.2885,1
5.28853,1
5.28882,1
5.29008,1
5.2901,1
5.29039,1
5.29165,1
5.29167,1
5.29197,1
5.29322,1
5.29325,1
5.29354,1
5.2948,1
5.29482,1
5.29511,1
5.29637,1
5.29639,1
5.29669,1
5.29794,1
5.29797,1
5.29826,1
5.29952,1
5.29954,1
5.29983,1
5.30109,1
5.30111,1
5.30141,1
5.30266,1
5.30269,1
5.30298,1
5.30424,1
5.30426,1
5.30455,1
5.30581,1
5.30583,1
5.30613,1
5.30738,1
5.30741,1
5.3077,1
5.30896,1
5.30898,1
5.30927,1
5.31053,1
5.31055,1
5.31085,1
5.3121,1
5.31213,1
5.31242,1
5.31368,1
5.3137,1
5.31399,1
5.31525,1
5.31527,1
5.31557,1
5.31682,1
5.31685,1
5.31714,1
5.3184,1
5.31842,1
5.31871,1
5.31997,1
5.31999,1
5.32029,1
5.32154,1
5.32157,1
5.32186,1
5.32312,1
5.32314,1
5.32343,1
5.32469,1
5.32471,1
5.32501,1
5.32626,1
5.32629,1
5.32658,1
5.32784,1
5.32786,1
5.32815,1
5.32941,1
5.32943,1
5.32973,1
5.33098,1
5.33101,1
5.3313,1
5.33256,1
5.33258,1
5.33287,1
5.33413,1
5.33415,1
5.33445,1
5.3357,1
5.33573,1
5.33602,1
5.33728,1
5.3373,1
5.33759,1
5.33887,1
5.34045,1
5.34202,1
5.34359,1
5.34517,1
5.34674,1
5.34831,1
5.34989,1
5.35146,1
5.35303,1
5.35461,1
5.35618,1
5.35775,1
5.35933,1
5.46645,1
5.46676,1
5.46802,1
5.46834,1
5.46999,1
5.4703,1
5.47156,1
5.47188,1
5.47314,1
5.47345,1
5.47471,1
5.47502,1
5.47628,1
5.4766,1
5.47786,1
5.47817,1
5.47943,1
5.47974,1
5.481,1
5.48132,1
5.48258,1
5.48289,1
5.48415,1
5.48446,1
5.48572,1
5.48604,1
5.4873,1
5.48761,1
5.4881,1
5.48887,1
5.48918,1
5.48967,1
5.49044,1
5.49076,1
5.49163,1
5.49202,1
5.49233,1
5.49321,1
5.49359,1
5.4939,1
5.49478,1
5.49516,1
5.49548,1
5.49635,1
5.49674,1
5.49705,1
5.49793,1
5.49831,1
5.49862,1
5.4995,1
5.49988,1
5.5002,1
5.50107,1
5.50146,1
5.50177,1
5.50265,1
5.50303,1
5.50334,1
5.50422,1
5.5046,1
5.50492,1
5.50579,1
5.50618,1
5.50649,1
5.50737,1
5.50775,1
5.50806,1
5.50894,1
5.50932,1
5.50964,1
5.51051,1
5.5109,1
5.51121,1
5.51209,1
5.51247,1
5.51278,1
5.51366,1
5.51404,1
5.51436,1
5.51523,1
5.51562,1
5.51593,1
5.51681,1
5.51719,1
5.5175,1
5.51838,1
5.51876,1
5.51908,1
5.51995,1
5.52034,1
5.52065,1
5.52153,1
5.52191,1
5.52222,1
5.5231,1
5.52348,1
5.5238,1
5.52467,1
5.52506,1
5.52537,1
5.52625,1
5.52663,1
5.52694,1
5.52782,1
5.5282,1
5.52852,1
5.52939,1
5.52978,1
5.53009,1
5.53097,1
5.53135,1
5.53166,1
5.53254,1
5.53292,1
5.53324,1
5.53411,1
5.5345,1
5.53481,1
5.53569,1
5.53607,1
5.53638,1
5.53726,1
5.53764,1
5.53796,1
5.53883,1
5.53922,1
5.53953,1
5.54041,1
5.54079,1
5.5411,1
5.54198,1
5.54236,1
5.54268,1
5.54355,1
5.54394,1
5.54425,1
5.54513,1
5.54551,1
5.54582,1
5.5467,1
5.54708,1
5.5474,1
5.54827,1
5.54866,1
5.54897,1
5.54985,1
5.55023,1
5.55054,1
5.55142,1
5.5518,1
5.55212,1
5.55299,1
5.55338,1
5.55369,1
5.55457,1
5.55495,1
5.55526,1
5.55614,1
5.55652,1
5.55684,1
5.55771,1
5.5581,1
5.55841,1
5.55929,1
5.55967,1
5.55998,1
5.56086,1
5.56243,1
5.56401,1
5.56558,1
5.56715,1
5.56873,1
5.5703,1
5.57187,1
5.57345,1
5.57502,1
5.57659,1
5.57817,1
5.57974,1
5.58131,1
5.68844,1
5.68875,1
5.69001,1
5.69033,1
5.69198,1
5.69229,1
5.69355,1
5.69387,1
5.69512,1
5.69544,1
5.6967,1
5.69701,1
5.69827,1
5.69859,1
5.69984,1
5.70016,1
5.70142,1
5.70173,1
5.70299,1
5.70331,1
5.70456,1
5.70488,1
5.70614,1
5.70645,1
5.70771,1
5.70803,1
5.70928,1
5.7096,1
5.71008,1
5.71086,1
5.71117,1
5.71166,1
5.71243,1
5.71275,1
5.71362,1
5.714,1
5.71432,1
5.7152,1
5.71558,1
5.71589,1
5.71677,1
5.71715,1
5.71747,1
5.71834,1
5.71872,1
5.71904,1
5.71992,1
5.7203,1
5.72061,1
5.72149,1
5.72187,1
5.72219,1
5.72306,1
5.72344,1
5.72376,1
5.72464,1
5.72502,1
5.72533,1
5.72621,1
5.72659,1
5.72691,1
5.72778,1
5.72816,1
5.72848,1
5.72936,1
5.72974,1
5.73005,1
5.73093,1
5.73131,1
5.73163,1
5.7325,1
5.73288,1
5.7332,1
5.73408,1
5.73446,1
5.73477,1
5.73565,1
5.73603,1
5.73635,1
5.73722,1
5.7376,1
5.73792,1
5.7388,1
5.73918,1
5.73949,1
5.74037,1
5.74075,1
5.74107,1
5.74194,1
5.74232,1
5.74264,1
5.74352,1
5.7439,1
5.74421,1
5.74453,1
5.74509,1
5.74547,1
5.74579,1
5.74666,1
5.74704,1
5.74736,1
5.74824,1
5.74862,1
5.74893,1
5.74981,1
5.75019,1
5.75051,1
5.75138,1
5.75176,1
5.75208,1
5.75296,1
5.75334,1
5.75365,1
5.75453,1
5.75491,1
5.75523,1
5.7561,1
5.75648,1
5.7568,1
5.75768,1
5.75806,1
5.75837,1
5.75925,1
5.75963,1
5.75995,1
5.76082,1
5.7612,1
5.76152,1
5.7624,1
5.76278,1
5.76309,1
5.76397,1
5.76435,1
5.76467,1
5.76554,1
5.76592,1
5.76624,1
5.76712,1
5.7675,1
5.76781,1
5.76869,1
5.76907,1
5.76939,1
5.77026,1
5.77064,1
5.77096,1
5.77184,1
5.77222,1
5.77253,1
5.77341,1
5.77379,1
5.77411,1
5.77498,1
5.77536,1
5.77568,1
5.77656,1
5.77694,1
5.77725,1
5.77813,1
5.77851,1
5.77883,1
5.7797,1
5.78008,1
5.7804,1
5.78128,1
5.78166,1
5.78197,1
5.78285,1
5.78442,1
5.786,1
5.78757,1
5.78914,1
5.79072,1
5.79229,1
5.79386,1
5.79544,1
5.79701,1
5.79858,1
5.80016,1
5.80173,1
5.8033,1
5.91043,1
5.91074,1
5.912,1
5.91232,1
5.91397,1
5.91428,1
5.91554,1
5.91585,1
5.91711,1
5.91743,1
5.91869,1
5.919,1
5.92026,1
5.92057,1
5.92183,1
5.92215,1
5.92341,1
5.92372,1
5.92498,1
5.92529,1
5.92655,1
5.92687,1
5.92813,1
5.92844,1
5.9297,1
5.93001,1
5.93127,1
5.93129,1
5.93159,1
5.93285,1
5.93286,1
5.93316,1
5.93442,1
5.93473,1
5.93483,1
5.93599,1
5.93631,1
5.9364,1
5.93757,1
5.93788,1
5.93797,1
5.93914,1
5.93945,1
5.93955,1
5.94071,1
5.94103,1
5.94112,1
5.94229,1
5.9426,1
5.94269,1
5.94386,1
5.94417,1
5.94427,1
5.94543,1
5.94575,1
5.94584,1
5.94701,1
5.94732,1
5.94741,1
5.94858,1
5.94889,1
5.94899,1
5.95015,1
5.95047,1
5.95056,1
5.95173,1
5.95204,1
5.95213,1
5.9533,1
5.95361,1
5.95371,1
5.95487,1
5.95519,1
5.95528,1
5.95645,1
5.95676,1
5.95685,1
5.95802,1
5.95833,1
5.95843,1
5.95959,1
5.95991,1
5.96,1
5.96117,1
5.96148,1
5.96157,1
5.96274,1
5.96305,1
5.96315,1
5.96431,1
5.96463,1
5.96472,1
5.96589,1
5.9662,1
5.96629,1
5.96746,1
5.96777,1
5.96787,1
5.96903,1
5.96935,1
5.96944,1
5.97061,1
5.97092,1
5.97101,1
5.97218,1
5.97249,1
5.97259,1
5.97375,1
5.97407,1
5.97416,1
5.97533,1
5.97564,1
5.97573,1
5.9769,1
5.97721,1
5.97731,1
5.97847,1
5.97879,1
5.97888,1
5.98005,1
5.98036,1
5.98045,1
5.98162,1
5.98193,1
5.98203,1
5.98319,1
5.98351,1
5.9836,1
5.98477,1
5.98508,1
5.98517,1
5.98634,1
5.98665,1
5.98675,1
5.98791,1
5.98823,1
5.98832,1
5.98949,1
5.9898,1
5.98989,1
5.99106,1
5.99137,1
5.99147,1
5.99263,1
5.99295,1
5.99304,1
5.99421,1
5.99452,1
5.99461,1
5.99578,1
5.99609,1
5.99619,1
5.99735,1
5.99767,1
5.99776,1
5.99893,1
5.99924,1
5.99933,1
6.0005,1
6.00081,1
6.00091,1
6.00207,1
6.00239,1
6.00248,1
6.00365,1
6.00396,1
6.00405,1
6.00563,1
6.0072,1
6.00877,1
6.01035,1
6.01192,1
6.01349,1
6.01507,1
6.01664,1
6.01821,1
6.01979,1
6.02136,1
6.02293,1
6.02451,1
6.13163,1
6.13194,1
6.1332,1
6.13352,1
6.13517,1
6.13548,1
6.13674,1
6.13706,1
6.13832,1
6.13863,1
6.13989,1
6.1402,1
6.14146,1
6.14178,1
6.14304,1
6.14335,1
6.14461,1
6.14492,1
6.14618,1
6.1465,1
6.14776,1
6.14807,1
6.14933,1
6.14964,1
6.1509,1
6.15122,1
6.15248,1
6.15249,1
6.15279,1
6.15405,1
6.15406,1
6.15436,1
6.15562,1
6.15594,1
6.15603,1
6.1572,1
6.15751,1
6.1576,1
6.15877,1
6.15908,1
6.15917,1
6.16034,1
6.16066,1
6.16075,1
6.16192,1
6.16223,1
6.16232,1
6.16349,1
6.1638,1
6.16389,1
6.16506,1
6.16538,1
6.16547,1
6.16664,1
6.16695,1
6.16704,1
6.16821,1
6.16852,1
6.16861,1
6.16978,1
6.1701,1
6.17019,1
6.17136,1
6.17167,1
6.17176,1
6.17293,1
6.17324,1
6.17333,1
6.1745,1
6.17482,1
6.17491,1
6.17608,1
6.17639,1
6.17648,1
6.17765,1
6.17796,1
6.17805,1
6.17922,1
6.17954,1
6.17963,1
6.1808,1
6.18111,1
6.1812,1
6.18237,1
6.18268,1
6.18277,1
6.18394,1
6.18426,1
6.18435,1
6.18552,1
6.18583,1
6.18592,1
6.18709,1
6.1874,1
6.18749,1
6.18866,1
6.18898,1
6.18907,1
6.19024,1
6.19055,1
6.19064,1
6.19181,1
6.19212,1
6.19221,1
6.19338,1
6.1937,1
6.19379,1
6.19496,1
6.19527,1
6.19536,1
6.19653,1
6.19684,1
6.19693,1
6.1981,1
6.19842,1
6.19851,1
6.19968,1
6.19999,1
6.20008,1
6.20125,1
6.20156,1
6.20165,1
6.20282,1
6.20314,1
6.20323,1
6.2044,1
6.20471,1
6.2048,1
6.20597,1
6.20628,1
6.20637,1
6.20754,1
6.20786,1
6.20795,1
6.20912,1
6.20943,1
6.20952,1
6.20974,1
6.21069,1
6.211,1
6.21109,1
6.21226,1
6.21258,1
6.21267,1
6.21384,1
6.21415,1
6.21424,1
6.21541,1
6.21572,1
6.21581,1
6.21698,1
6.2173,1
6.21739,1
6.21856,1
6.21887,1
6.21896,1
6.22013,1
6.22044,1
6.22053,1
6.2217,1
6.22202,1
6.22211,1
6.22328,1
6.22359,1
6.22368,1
6.22485,1
6.22516,1
6.22525,1
6.22683,1
6.2284,1
6.22997,1
6.23155,1
6.23312,1
6.23469,1
6.23627,1
6.23784,1
6.23941,1
6.24099,1
6.24256,1
6.24413,1
6.24571,1
6.24728,1
6.35283,1
6.35315,1
6.35441,1
6.35472,1
6.35637,1
6.35669,1
6.35794,1
6.35826,1
6.35952,1
6.35983,1
6.36109,1
6.36141,1
6.36266,1
6.36298,1
6.36424,1
6.36455,1
6.36581,1
6.36613,1
6.36738,1
6.3677,1
6.36896,1
6.36927,1
6.37053,1
6.37085,1
6.3721,1
6.37242,1
6.37368,1
6.37399,1
6.37448,1
6.37525,1
6.37557,1
6.37605,1
6.37682,1
6.37714,1
6.37802,1
6.3784,1
6.37871,1
6.37959,1
6.37997,1
6.38029,1
6.38116,1
6.38154,1
6.38186,1
6.38274,1
6.38312,1
6.38343,1
6.38431,1
6.38469,1
6.38501,1
6.38588,1
6.38626,1
6.38658,1
6.38746,1
6.38784,1
6.38815,1
6.38903,1
6.38941,1
6.38973,1
6.3906,1
6.39098,1
6.3913,1
6.39218,1
6.39256,1
6.39287,1
6.39375,1
6.39413,1
6.39445,1
6.39532,1
6.3957,1
6.39602,1
6.3969,1
6.39728,1
6.39759,1
6.39847,1
6.39885,1
6.39917,1
6.40004,1
6.40042,1
6.40074,1
6.40162,1
6.402,1
6.40231,1
6.40319,1
6.40357,1
6.40389,1
6.40476,1
6.40514,1
6.40546,1
6.40634,1
6.40672,1
6.40703,1
6.40791,1
6.40829,1
6.40861,1
6.40948,1
6.40986,1
6.41018,1
6.41106,1
6.41144,1
6.41175,1
6.41263,1
6.41301,1
6.41333,1
6.4142,1
6.41458,1
6.4149,1
6.41578,1
6.41616,1
6.41647,1
6.41735,1
6.41773,1
6.41805,1
6.41892,1
6.4193,1
6.41962,1
6.4205,1
6.42088,1
6.42119,1
6.42207,1
6.42245,1
6.42277,1
6.42364,1
6.42402,1
6.42434,1
6.42522,1
6.4256,1
6.42591,1
6.42679,1
6.42717,1
6.42749,1
6.42836,1
6.42874,1
6.42906,1
6.42994,1
6.43032,1
6.43063,1
6.43151,1
6.43189,1
6.43221,1
6.43308,1
6.43346,1
6.43378,1
6.43466,1
6.43504,1
6.43535,1
6.43623,1
6.43661,1
6.43693,1
6.4378,1
6.43818,1
6.4385,1
6.43938,1
6.43976,1
6.44007,1
6.44095,1
6.44133,1
6.44165,1
6.44252,1
6.4429,1
6.44322,1
6.4441,1
6.44448,1
6.44479,1
6.44567,1
6.44605,1
6.44637,1
6.44724,1
6.44762,1
6.44794,1
6.44882,1
6.45039,1
6.45196,1
6.45354,1
6.45511,1
6.45668,1
6.45826,1
6.45983,1
6.4614,1
6.46298,1
6.46455,1
6.46612,1
6.4677,1
6.46927,1
6.57482,1
6.57514,1
6.57639,1
6.57671,1
6.57836,1
6.57867,1
6.57993,1
6.58025,1
6.58151,1
6.58182,1
6.58308,1
6.58339,1
6.58465,1
6.58497,1
6.58623,1
6.58654,1
6.5878,1
6.58811,1
6.58937,1
6.58969,1
6.59095,1
6.59126,1
6.59252,1
6.59283,1
6.59409,1
6.59441,1
6.59567,1
6.59598,1
6.59647,1
6.59724,1
6.59755,1
6.59804,1
6.59881,1
6.59913,1
6.6,1
6.60039,1
6.6007,1
6.60158,1
6.60196,1
6.60227,1
6.60315,1
6.60353,1
6.60385,1
6.60472,1
6.60511,1
6.60542,1
6.6063,1
6.60668,1
6.60699,1
6.60787,1
6.60825,1
6.60857,1
6.60944,1
6.60983,1
6.61014,1
6.61102,1
6.6114,1
6.61171,1
6.61259,1
6.61297,1
6.61329,1
6.61416,1
6.61455,1
6.61486,1
6.61574,1
6.61612,1
6.61643,1
6.61731,1
6.61769,1
6.61801,1
6.61888,1
6.61927,1
6.61958,1
6.62046,1
6.62084,1
6.62115,1
6.62203,1
6.62241,1
6.62273,1
6.6236,1
6.62399,1
6.6243,1
6.62518,1
6.62556,1
6.62587,1
6.62675,1
6.62713,1
6.62745,1
6.62832,1
6.62871,1
6.62902,1
6.6299,1
6.63028,1
6.63059,1
6.63147,1
6.63185,1
6.63217,1
6.63304,1
6.63343,1
6.63374,1
6.63462,1
6.635,1
6.63531,1
6.63619,1
6.63657,1
6.63689,1
6.63776,1
6.63815,1
6.63846,1
6.63934,1
6.63972,1
6.64003,1
6.64091,1
6.64129,1
6.64161,1
6.64248,1
6.64287,1
6.64318,1
6.64406,1
6.64444,1
6.64475,1
6.64563,1
6.64601,1
6.64633,1
6.6472,1
6.64759,1
6.6479,1
6.64878,1
6.64916,1
6.64947,1
6.65035,1
6.65073,1
6.65105,1
6.65192,1
6.65231,1
6.65262,1
6.6535,1
6.65388,1
6.65419,1
6.65507,1
6.65545,1
6.65577,1
6.65664,1
6.65703,1
6.65734,1
6.65822,1
6.6586,1
6.65891,1
6.65979,1
6.66017,1
6.66049,1
6.66136,1
6.66175,1
6.66206,1
6.66294,1
6.66332,1
6.66363,1
6.66451,1
6.66489,1
6.66521,1
6.66608,1
6.66647,1
6.66678,1
6.66766,1
6.66804,1
6.66835,1
6.66923,1
6.66961,1
6.66993,1
6.6708,1
6.67238,1
6.67395,1
6.67552,1
6.6771,1
6.67867,1
6.68024,1
6.68182,1
6.68339,1
6.68496,1
6.68654,1
6.68811,1
6.68968,1
6.69126,1
6.79681,1
6.79712,1
6.79838,1
6.7987,1
6.79901,1
6.80035,1
6.80066,1
6.80192,1
6.80224,1
6.80349,1
6.80381,1
6.80507,1
6.80538,1
6.80664,1
6.80696,1
6.80821,1
6.80853,1
6.80979,1
6.8101,1
6.81136,1
6.81168,1
6.81293,1
6.81325,1
6.81451,1
6.81482,1
6.81608,1
6.8164,1
6.81765,1
6.81797,1
6.81845,1
6.81923,1
6.81954,1
6.82003,1
6.8208,1
6.82112,1
6.8216,1
6.82237,1
6.82269,1
6.82317,1
6.82395,1
6.82426,1
6.82475,1
6.82552,1
6.82584,1
6.82632,1
6.82709,1
6.82741,1
6.82789,1
6.82867,1
6.82898,1
6.82947,1
6.83024,1
6.83056,1
6.83104,1
6.83181,1
6.83213,1
6.83261,1
6.83339,1
6.8337,1
6.83419,1
6.83496,1
6.83528,1
6.83576,1
6.83653,1
6.83685,1
6.83733,1
6.83811,1
6.83842,1
6.83891,1
6.83968,1
6.84,1
6.84048,1
6.84125,1
6.84157,1
6.84205,1
6.84283,1
6.84314,1
6.84363,1
6.8444,1
6.84472,1
6.8452,1
6.84597,1
6.84629,1
6.84677,1
6.84755,1
6.84786,1
6.84835,1
6.84912,1
6.84944,1
6.84992,1
6.85069,1
6.85101,1
6.85149,1
6.85227,1
6.85258,1
6.85307,1
6.85384,1
6.85416,1
6.85464,1
6.85541,1
6.85573,1
6.85621,1
6.85699,1
6.8573,1
6.85779,1
6.85856,1
6.85888,1
6.85936,1
6.86013,1
6.86045,1
6.86093,1
6.86171,1
6.86202,1
6.86251,1
6.86328,1
6.8636,1
6.86408,1
6.86485,1
6.86517,1
6.86565,1
6.86643,1
6.86674,1
6.86723,1
6.868,1
6.86832,1
6.8688,1
6.86957,1
6.86989,1
6.87037,1
6.87115,1
6.87146,1
6.87195,1
6.87272,1
6.87304,1
6.87352,1
6.87429,1
6.87461,1
6.87509,1
6.87587,1
6.87618,1
6.87667,1
6.87744,1
6.87776,1
6.87824,1
6.87901,1
6.87933,1
6.87981,1
6.88059,1
6.8809,1
6.88139,1
6.88216,1
6.88248,1
6.88296,1
6.88373,1
6.88405,1
6.88453,1
6.88531,1
6.88562,1
6.88611,1
6.88688,1
6.8872,1
6.88768,1
6.88845,1
6.88877,1
6.88925,1
6.89003,1
6.89034,1
6.89083,1
6.8916,1
6.89192,1
6.8924,1
6.89397,1
6.89555,1
6.89712,1
6.89869,1
6.90027,1
6.90184,1
6.90341,1
6.90499,1
6.90656,1
6.90813,1
6.90971,1
6.91128,1
6.91285,1
7.0188,1
7.01911,1
7.02037,1
7.02069,1
7.02195,1
7.02226,1
7.02352,1
7.02383,1
7.02509,1
7.02541,1
7.02667,1
7.02698,1
7.02824,1
7.02855,1
7.02981,1
7.03013,1
7.03139,1
7.0317,1
7.03296,1
7.03327,1
7.03453,1
7.03485,1
7.03611,1
7.03642,1
7.03768,1
7.03799,1
7.03925,1
7.03957,1
7.03966,1
7.04083,1
7.04114,1
7.04123,1
7.0424,1
7.04271,1
7.0428,1
7.04397,1
7.04429,1
7.04438,1
7.04555,1
7.04586,1
7.04595,1
7.04712,1
7.04743,1
7.04752,1
7.04869,1
7.04901,1
7.0491,1
7.05027,1
7.05058,1
7.05067,1
7.05184,1
7.05215,1
7.05224,1
7.05341,1
7.05373,1
7.05382,1
7.05499,1
7.0553,1
7.05539,1
7.05656,1
7.05687,1
7.05696,1
7.05813,1
7.05845,1
7.05854,1
7.05971,1
7.06002,1
7.06011,1
7.06128,1
7.06159,1
7.06168,1
7.06285,1
7.06317,1
7.06326,1
7.06443,1
7.06474,1
7.06483,1
7.066,1
7.06631,1
7.0664,1
7.06757,1
7.06789,1
7.06798,1
7.06915,1
7.06946,1
7.06955,1
7.07072,1
7.07103,1
7.07112,1
7.07229,1
7.07261,1
7.0727,1
7.07387,1
7.07418,1
7.07427,1
7.07544,1
7.07575,1
7.07584,1
7.07701,1
7.07733,1
7.07742,1
7.07859,1
7.0789,1
7.07899,1
7.08016,1
7.08047,1
7.08056,1
7.08173,1
7.08205,1
7.08214,1
7.08331,1
7.08362,1
7.08371,1
7.08488,1
7.08519,1
7.08528,1
7.08645,1
7.08677,1
7.08686,1
7.08803,1
7.08834,1
7.08843,1
7.0896,1
7.08991,1
7.09,1
7.09117,1
7.09149,1
7.09158,1
7.09275,1
7.09306,1
7.09315,1
7.09432,1
7.09463,1
7.09472,1
7.09589,1
7.09621,1
7.0963,1
7.09747,1
7.09778,1
7.09787,1
7.09904,1
7.09935,1
7.09944,1
7.10061,1
7.10093,1
7.10102,1
7.10219,1
7.1025,1
7.10259,1
7.10376,1
7.10407,1
7.10416,1
7.10533,1
7.10565,1
7.10574,1
7.10691,1
7.10722,1
7.10731,1
7.10848,1
7.10879,1
7.10888,1
7.11005,1
7.11037,1
7.11046,1
7.11163,1
7.11194,1
7.11203,1
7.1132,1
7.11351,1
7.1136,1
7.11518,1
7.11675,1
7.11832,1
7.1199,1
7.12147,1
7.12304,1
7.12462,1
7.12619,1
7.12776,1
7.12934,1
7.13091,1
7.13248,1
7.13406,1
7.24,1
7.24032,1
7.24157,1
7.24189,1
7.24315,1
7.24346,1
7.24472,1
7.24504,1
7.24629,1
7.24661,1
7.24787,1
7.24818,1
7.24944,1
7.24976,1
7.25101,1
7.25133,1
7.25259,1
7.2529,1
7.25416,1
7.25448,1
7.25573,1
7.25605,1
7.25731,1
7.25762,1
7.25888,1
7.2592,1
7.26045,1
7.26077,1
7.26086,1
7.26108,1
7.26203,1
7.26234,1
7.26243,1
7.2636,1
7.26392,1
7.26401,1
7.26517,1
7.26549,1
7.26558,1
7.26675,1
7.26706,1
7.26715,1
7.26832,1
7.26864,1
7.26873,1
7.26989,1
7.27021,1
7.2703,1
7.27147,1
7.27178,1
7.27187,1
7.27304,1
7.27336,1
7.27345,1
7.27461,1
7.27493,1
7.27502,1
7.27619,1
7.2765,1
7.27659,1
7.27776,1
7.27808,1
7.27817,1
7.27933,1
7.27965,1
7.27974,1
7.28091,1
7.28122,1
7.28131,1
7.28248,1
7.2828,1
7.28289,1
7.28405,1
7.28437,1
7.28446,1
7.28563,1
7.28594,1
7.28603,1
7.2872,1
7.28752,1
7.28761,1
7.28877,1
7.28909,1
7.28918,1
7.29035,1
7.29066,1
7.29075,1
7.29192,1
7.29224,1
7.29233,1
7.29349,1
7.29381,1
7.2939,1
7.29507,1
7.29538,1
7.29547,1
7.29664,1
7.29696,1
7.29705,1
7.29821,1
7.29853,1
7.29862,1
7.29979,1
7.3001,1
7.30019,1
7.30136,1
7.30168,1
7.30177,1
7.30293,1
7.30325,1
7.30334,1
7.30451,1
7.30482,1
7.30491,1
7.30608,1
7.3064,1
7.30649,1
7.30765,1
7.30797,1
7.30806,1
7.30923,1
7.30954,1
7.30963,1
7.3108,1
7.31112,1
7.31121,1
7.31237,1
7.31269,1
7.31278,1
7.31395,1
7.31426,1
7.31435,1
7.31552,1
7.31584,1
7.31593,1
7.31709,1
7.31741,1
7.3175,1
7.31867,1
7.31898,1
7.31907,1
7.32024,1
7.32056,1
7.32065,1
7.32181,1
7.32213,1
7.32222,1
7.32339,1
7.3237,1
7.32379,1
7.32496,1
7.32528,1
7.32537,1
7.32653,1
7.32685,1
7.32694,1
7.32811,1
7.32842,1
7.32851,1
7.32968,1
7.33,1
7.33009,1
7.33125,1
7.33157,1
7.33166,1
7.33283,1
7.33314,1
7.33323,1
7.3344,1
7.33472,1
7.33481,1
7.33638,1
7.33795,1
7.33953,1
7.3411,1
7.34267,1
7.34425,1
7.34582,1
7.34739,1
7.34897,1
7.35054,1
7.35211,1
7.35369,1
7.35526,1
7.35683,1
7.4612,1
7.46152,1
7.46278,1
7.46309,1
7.46435,1
7.46466,1
7.46592,1
7.46624,1
7.4675,1
7.46781,1
7.46907,1
7.46938,1
7.47064,1
7.47096,1
7.47222,1
7.47253,1
7.47379,1
7.4741,1
7.47536,1
7.47568,1
7.47694,1
7.47725,1
7.47851,1
7.47882,1
7.48008,1
7.4804,1
7.48166,1
7.48197,1
7.48285,1
7.48323,1
7.48354,1
7.48442,1
7.4848,1
7.48512,1
7.48599,1
7.48638,1
7.48669,1
7.48757,1
7.48795,1
7.48826,1
7.48914,1
7.48952,1
7.48984,1
7.49071,1
7.4911,1
7.49141,1
7.49229,1
7.49267,1
7.49298,1
7.49386,1
7.49424,1
7.49456,1
7.49543,1
7.49582,1
7.49613,1
7.49701,1
7.49739,1
7.4977,1
7.49858,1
7.49896,1
7.49928,1
7.50015,1
7.50054,1
7.50085,1
7.50173,1
7.50211,1
7.50242,1
7.5033,1
7.50368,1
7.504,1
7.50487,1
7.50526,1
7.50557,1
7.50645,1
7.50683,1
7.50714,1
7.50802,1
7.5084,1
7.50872,1
7.50959,1
7.50998,1
7.51029,1
7.51117,1
7.51155,1
7.51186,1
7.51274,1
7.51312,1
7.51344,1
7.51431,1
7.5147,1
7.51501,1
7.51589,1
7.51627,1
7.51658,1
7.51746,1
7.51784,1
7.51816,1
7.51903,1
7.51942,1
7.51973,1
7.52061,1
7.52099,1
7.5213,1
7.52218,1
7.52256,1
7.52288,1
7.52375,1
7.52414,1
7.52445,1
7.52533,1
7.52571,1
7.52602,1
7.5269,1
7.52728,1
7.5276,1
7.52847,1
7.52886,1
7.52917,1
7.53005,1
7.53043,1
7.53074,1
7.53162,1
7.532,1
7.53232,1
7.53319,1
7.53358,1
7.53389,1
7.53477,1
7.53515,1
7.53546,1
7.53634,1
7.53672,1
7.53704,1
7.53791,1
7.5383,1
7.53861,1
7.53949,1
7.53987,1
7.54018,1
7.54106,1
7.54144,1
7.54176,1
7.54263,1
7.54302,1
7.54333,1
7.54421,1
7.54459,1
7.5449,1
7.54578,1
7.54616,1
7.54648,1
7.54735,1
7.54774,1
7.54805,1
7.54893,1
7.54931,1
7.54962,1
7.5505,1
7.55088,1
7.5512,1
7.55207,1
7.55246,1
7.55277,1
7.55365,1
7.55403,1
7.55434,1
7.55522,1
7.5556,1
7.55592,1
7.55679,1
7.55718,1
7.55749,1
7.55837,1
7.55994,1
7.56151,1
7.56309,1
7.56466,1
7.56623,1
7.56781,1
7.56938,1
7.57095,1
7.57253,1
7.5741,1
7.57567,1
7.57725,1
7.57882,1
7.68319,1
7.68351,1
7.68476,1
7.68508,1
7.68634,1
7.68665,1
7.68791,1
7.68823,1
7.68948,1
7.6898,1
7.69106,1
7.69137,1
7.69263,1
7.69295,1
7.6942,1
7.69452,1
7.69578,1
7.69609,1
7.69735,1
7.69767,1
7.69892,1
7.69924,1
7.7005,1
7.70081,1
7.70207,1
7.70239,1
7.70364,1
7.70396,1
7.70484,1
7.70522,1
7.70553,1
7.70641,1
7.70679,1
7.70711,1
7.70798,1
7.70836,1
7.70868,1
7.70956,1
7.70994,1
7.71025,1
7.71113,1
7.71151,1
7.71183,1
7.7127,1
7.71308,1
7.7134,1
7.71428,1
7.71466,1
7.71497,1
7.71585,1
7.71623,1
7.71655,1
7.71742,1
7.7178,1
7.71812,1
7.719,1
7.71938,1
7.71969,1
7.72057,1
7.72095,1
7.72127,1
7.72158,1
7.72214,1
7.72252,1
7.72284,1
7.72372,1
7.7241,1
7.72441,1
7.72529,1
7.72567,1
7.72599,1
7.72686,1
7.72724,1
7.72756,1
7.72844,1
7.72882,1
7.72913,1
7.73001,1
7.73039,1
7.73071,1
7.73158,1
7.73196,1
7.73228,1
7.73316,1
7.73354,1
7.73385,1
7.73473,1
7.73511,1
7.73543,1
7.7363,1
7.73668,1
7.737,1
7.73788,1
7.73826,1
7.73857,1
7.73945,1
7.73983,1
7.74015,1
7.74102,1
7.7414,1
7.74172,1
7.7426,1
7.74298,1
7.74329,1
7.74417,1
7.74455,1
7.74487,1
7.74574,1
7.74612,1
7.74644,1
7.74732,1
7.7477,1
7.74801,1
7.74889,1
7.74927,1
7.74959,1
7.75046,1
7.75084,1
7.75116,1
7.75204,1
7.75242,1
7.75273,1
7.75361,1
7.75399,1
7.75431,1
7.75518,1
7.75556,1
7.75588,1
7.75676,1
7.75714,1
7.75745,1
7.75833,1
7.75871,1
7.75903,1
7.7599,1
7.76028,1
7.7606,1
7.76148,1
7.76186,1
7.76217,1
7.76305,1
7.76343,1
7.76375,1
7.76462,1
7.765,1
7.76532,1
7.7662,1
7.76658,1
7.76689,1
7.76777,1
7.76815,1
7.76847,1
7.76934,1
7.76972,1
7.77004,1
7.77092,1
7.7713,1
7.77161,1
7.77249,1
7.77287,1
7.77319,1
7.77406,1
7.77444,1
7.77476,1
7.77564,1
7.77602,1
7.77633,1
7.77721,1
7.77759,1
7.77791,1
7.77878,1
7.77916,1
7.77948,1
7.78036,1
7.78193,1
7.7835,1
7.78508,1
7.78665,1
7.78822,1
7.7898,1
7.79137,1
7.79294,1
7.79452,1
7.79609,1
7.79766,1
7.79924,1
7.80081,1
7.90518,1
7.90549,1
7.90675,1
7.90707,1
7.90833,1
7.90864,1
7.9099,1
7.91021,1
7.91147,1
7.91179,1
7.91305,1
7.91336,1
7.91462,1
7.91493,1
7.91619,1
7.91651,1
7.91777,1
7.91808,1
7.91934,1
7.91965,1
7.92091,1
7.92123,1
7.92249,1
7.9228,1
7.92406,1
7.92437,1
7.92563,1
7.92595,1
7.92604,1
7.92721,1
7.92752,1
7.92761,1
7.92878,1
7.92909,1
7.92919,1
7.93035,1
7.93067,1
7.93076,1
7.93193,1
7.93224,1
7.93233,1
7.9335,1
7.93381,1
7.93391,1
7.93507,1
7.93539,1
7.93548,1
7.93665,1
7.93696,1
7.93705,1
7.93822,1
7.93853,1
7.93863,1
7.93979,1
7.94011,1
7.9402,1
7.94137,1
7.94168,1
7.94177,1
7.94294,1
7.94325,1
7.94335,1
7.94451,1
7.94483,1
7.94492,1
7.94609,1
7.9464,1
7.94649,1
7.94766,1
7.94797,1
7.94807,1
7.94923,1
7.94955,1
7.94964,1
7.95081,1
7.95112,1
7.95121,1
7.95238,1
7.95269,1
7.95279,1
7.95395,1
7.95427,1
7.95436,1
7.95553,1
7.95584,1
7.95593,1
7.9571,1
7.95741,1
7.95751,1
7.95867,1
7.95899,1
7.95908,1
7.96025,1
7.96056,1
7.96065,1
7.96182,1
7.96213,1
7.96223,1
7.96339,1
7.96371,1
7.9638,1
7.96497,1
7.96528,1
7.96537,1
7.96654,1
7.96685,1
7.96695,1
7.96811,1
7.96843,1
7.96852,1
7.96969,1
7.97,1
7.97009,1
7.97126,1
7.97157,1
7.97167,1
7.97283,1
7.97315,1
7.97324,1
7.97441,1
7.97472,1
7.97481,1
7.97598,1
7.97629,1
7.97639,1
7.97755,1
7.97787,1
7.97796,1
7.97913,1
7.97944,1
7.97953,1
7.9807,1
7.98101,1
7.98111,1
7.98227,1
7.98259,1
7.98268,1
7.98385,1
7.98416,1
7.98425,1
7.98542,1
7.98573,1
7.98583,1
7.98699,1
7.98731,1
7.9874,1
7.98857,1
7.98888,1
7.98897,1
7.99014,1
7.99045,1
7.99055,1
7.99171,1
7.99203,1
7.99212,1
7.99329,1
7.9936,1
7.99369,1
7.99486,1
7.99517,1
7.99527,1
7.99643,1
7.99675,1
7.99684,1
7.99801,1
7.99832,1
7.99841,1
7.99958,1
7.99989,1
7.99999,1
8.00115,1
8.00147,1
8.00156,1
8.00313,1
8.00471,1
8.00628,1
8.00785,1
8.00943,1
8.011,1
8.01257,1
8.01415,1
8.01572,1
8.01729,1
8.01887,1
8.02044,1
8.02201,1
8.12638,1
8.1267,1
8.12796,1
8.12827,1
8.12953,1
8.12984,1
8.1311,1
8.13142,1
8.13268,1
8.13299,1
8.13425,1
8.13456,1
8.13582,1
8.13614,1
8.1374,1
8.13771,1
8.13897,1
8.13928,1
8.14054,1
8.14086,1
8.14212,1
8.14243,1
8.14369,1
8.144,1
8.14526,1
8.14558,1
8.14684,1
8.14715,1
8.14724,1
8.14841,1
8.14872,1
8.14881,1
8.14998,1
8.1503,1
8.15039,1
8.15156,1
8.15187,1
8.15196,1
8.15313,1
8.15344,1
8.15353,1
8.1547,1
8.15502,1
8.15511,1
8.15628,1
8.15659,1
8.15668,1
8.15785,1
8.15816,1
8.15825,1
8.15942,1
8.15974,1
8.15983,1
8.161,1
8.16131,1
8.1614,1
8.16257,1
8.16288,1
8.16297,1
8.16414,1
8.16446,1
8.16455,1
8.16572,1
8.16603,1
8.16612,1
8.16729,1
8.1676,1
8.16769,1
8.16886,1
8.16918,1
8.16927,1
8.17044,1
8.17075,1
8.17084,1
8.17201,1
8.17232,1
8.17241,1
8.17358,1
8.1739,1
8.17399,1
8.17516,1
8.17547,1
8.17556,1
8.17673,1
8.17704,1
8.17713,1
8.1783,1
8.17862,1
8.17871,1
8.17988,1
8.18019,1
8.18028,1
8.18051,1
8.18145,1
8.18176,1
8.18185,1
8.18302,1
8.18334,1
8.18343,1
8.1846,1
8.18491,1
8.185,1
8.18617,1
8.18648,1
8.18657,1
8.18774,1
8.18806,1
8.18815,1
8.18932,1
8.18963,1
8.18972,1
8.19089,1
8.1912,1
8.19129,1
8.19246,1
8.19278,1
8.19287,1
8.19404,1
8.19435,1
8.19444,1
8.19561,1
8.19592,1
8.19601,1
8.19718,1
8.1975,1
8.19759,1
8.19876,1
8.19907,1
8.19916,1
8.20033,1
8.20064,1
8.20073,1
8.2019,1
8.20222,1
8.20231,1
8.20348,1
8.20379,1
8.20388,1
8.20505,1
8.20536,1
8.20545,1
8.20662,1
8.20694,1
8.20703,1
8.2082,1
8.20851,1
8.2086,1
8.20977,1
8.21008,1
8.21017,1
8.21134,1
8.21166,1
8.21175,1
8.21292,1
8.21323,1
8.21332,1
8.21449,1
8.2148,1
8.21489,1
8.21606,1
8.21638,1
8.21647,1
8.21764,1
8.21795,1
8.21804,1
8.21921,1
8.21952,1
8.21961,1
8.22078,1
8.2211,1
8.22119,1
8.22236,1
8.22267,1
8.22276,1
8.22433,1
8.22591,1
8.22748,1
8.22905,1
8.23063,1
8.2322,1
8.23377,1
8.23535,1
8.23692,1
8.23849,1
8.24007,1
8.24164,1
8.24321,1
8.24479,1
8.34758,1
8.3479,1
8.34916,1
8.34947,1
8.35073,1
8.35105,1
8.3523,1
8.35262,1
8.35388,1
8.35419,1
8.35545,1
8.35577,1
8.35702,1
8.35734,1
8.3586,1
8.35891,1
8.36017,1
8.36049,1
8.36174,1
8.36206,1
8.36332,1
8.36363,1
8.36489,1
8.36521,1
8.36646,1
8.36678,1
8.36804,1
8.36835,1
8.36923,1
8.36961,1
8.36993,1
8.3708,1
8.37118,1
8.3715,1
8.37238,1
8.37276,1
8.37307,1
8.37395,1
8.37433,1
8.37465,1
8.37552,1
8.3759,1
8.37622,1
8.3771,1
8.37748,1
8.37779,1
8.37867,1
8.37905,1
8.37937,1
8.38024,1
8.38062,1
8.38094,1
8.38182,1
8.3822,1
8.38251,1
8.38339,1
8.38377,1
8.38409,1
8.38496,1
8.38534,1
8.38566,1
8.38654,1
8.38692,1
8.38723,1
8.38811,1
8.38849,1
8.38881,1
8.38968,1
8.39006,1
8.39038,1
8.39126,1
8.39164,1
8.39195,1
8.39283,1
8.39321,1
8.39353,1
8.3944,1
8.39478,1
8.3951,1
8.39598,1
8.39636,1
8.39667,1
8.39755,1
8.39793,1
8.39825,1
8.39912,1
8.3995,1
8.39982,1
8.4007,1
8.40108,1
8.40139,1
8.40227,1
8.40265,1
8.40297,1
8.40384,1
8.40422,1
8.40454,1
8.40542,1
8.4058,1
8.40611,1
8.40699,1
8.40737,1
8.40769,1
8.40856,1
8.40894,1
8.40926,1
8.41014,1
8.41052,1
8.41083,1
8.41171,1
8.41209,1
8.41241,1
8.41328,1
8.41366,1
8.41398,1
8.41486,1
8.41524,1
8.41555,1
8.41643,1
8.41681,1
8.41713,1
8.418,1
8.41838,1
8.4187,1
8.41958,1
8.41996,1
8.42027,1
8.42115,1
8.42153,1
8.42185,1
8.42272,1
8.4231,1
8.42342,1
8.4243,1
8.42468,1
8.42499,1
8.42587,1
8.42625,1
8.42657,1
8.42744,1
8.42782,1
8.42814,1
8.42902,1
8.4294,1
8.42971,1
8.43059,1
8.43097,1
8.43129,1
8.43216,1
8.43254,1
8.43286,1
8.43374,1
8.43412,1
8.43443,1
8.43531,1
8.43569,1
8.43601,1
8.43688,1
8.43726,1
8.43758,1
8.43846,1
8.43884,1
8.43915,1
8.44003,1
8.44041,1
8.44073,1
8.4416,1
8.44198,1
8.4423,1
8.44318,1
8.44356,1
8.44387,1
8.44475,1
8.44513,1
8.44545,1
8.44632,1
8.4479,1
8.44947,1
8.45104,1
8.45262,1
8.45419,1
8.45576,1
8.45734,1
8.45891,1
8.46048,1
8.46206,1
8.46363,1
8.4652,1
8.46678,1
8.56957,1
8.56989,1
8.57115,1
8.57146,1
8.57272,1
8.57303,1
8.57429,1
8.57461,1
8.57587,1
8.57618,1
8.57744,1
8.57775,1
8.57901,1
8.57933,1
8.58059,1
8.5809,1
8.58216,1
8.58247,1
8.58373,1
8.58405,1
8.58531,1
8.58562,1
8.58688,1
8.58719,1
8.58845,1
8.58877,1
8.59003,1
8.59034,1
8.59122,1
8.5916,1
8.59191,1
8.59279,1
8.59317,1
8.59349,1
8.59437,1
8.59475,1
8.59506,1
8.59594,1
8.59632,1
8.59663,1
8.59751,1
8.59789,1
8.59821,1
8.59909,1
8.59947,1
8.59978,1
8.60066,1
8.60104,1
8.60135,1
8.60223,1
8.60261,1
8.60293,1
8.60381,1
8.60419,1
8.6045,1
8.60538,1
8.60576,1
8.60607,1
8.60695,1
8.60733,1
8.60765,1
8.60853,1
8.60891,1
8.60922,1
8.6101,1
8.61048,1
8.61079,1
8.61167,1
8.61205,1
8.61237,1
8.61325,1
8.61363,1
8.61394,1
8.61482,1
8.6152,1
8.61551,1
8.61639,1
8.61677,1
8.61709,1
8.61797,1
8.61835,1
8.61866,1
8.61954,1
8.61992,1
8.62023,1
8.62111,1
8.62149,1
8.62181,1
8.62269,1
8.62307,1
8.62338,1
8.62426,1
8.62464,1
8.62495,1
8.62583,1
8.62621,1
8.62653,1
8.62741,1
8.62779,1
8.6281,1
8.62898,1
8.62936,1
8.62967,1
8.63055,1
8.63093,1
8.63125,1
8.63213,1
8.63251,1
8.63282,1
8.6337,1
8.63408,1
8.63439,1
8.63527,1
8.63565,1
8.63597,1
8.63685,1
8.63723,1
8.63754,1
8.63786,1
8.63842,1
8.6388,1
8.63911,1
8.63999,1
8.64037,1
8.64069,1
8.64157,1
8.64195,1
8.64226,1
8.64314,1
8.64352,1
8.64383,1
8.64471,1
8.64509,1
8.64541,1
8.64629,1
8.64667,1
8.64698,1
8.64786,1
8.64824,1
8.64855,1
8.64943,1
8.64981,1
8.65013,1
8.65101,1
8.65139,1
8.6517,1
8.65258,1
8.65296,1
8.65327,1
8.65415,1
8.65453,1
8.65485,1
8.65573,1
8.65611,1
8.65642,1
8.6573,1
8.65768,1
8.65799,1
8.65887,1
8.65925,1
8.65957,1
8.66045,1
8.66083,1
8.66114,1
8.66202,1
8.6624,1
8.66271,1
8.66359,1
8.66397,1
8.66429,1
8.66517,1
8.66555,1
8.66586,1
8.66674,1
8.66712,1
8.66743,1
8.66831,1
8.66989,1
8.67146,1
8.67303,1
8.67461,1
8.67618,1
8.67775,1
8.67933,1
8.6809,1
8.68247,1
8.68405,1
8.68562,1
8.68719,1
8.68877,1
8.79156,1
8.79188,1
8.79314,1
8.79345,1
8.79471,1
8.79502,1
8.79628,1
8.7966,1
8.79786,1
8.79817,1
8.79943,1
8.79974,1
8.801,1
8.80132,1
8.80258,1
8.80289,1
8.80415,1
8.80446,1
8.80572,1
8.80604,1
8.8073,1
8.80761,1
8.80887,1
8.80918,1
8.81044,1
8.81076,1
8.81202,1
8.81233,1
8.81242,1
8.81359,1
8.8139,1
8.81399,1
8.81516,1
8.81548,1
8.81557,1
8.81674,1
8.81705,1
8.81714,1
8.81831,1
8.81862,1
8.81871,1
8.81988,1
8.8202,1
8.82029,1
8.82146,1
8.82177,1
8.82186,1
8.82303,1
8.82334,1
8.82343,1
8.8246,1
8.82492,1
8.82501,1
8.82618,1
8.82649,1
8.82658,1
8.82775,1
8.82806,1
8.82815,1
8.82932,1
8.82964,1
8.82973,1
8.8309,1
8.83121,1
8.8313,1
8.83247,1
8.83278,1
8.83287,1
8.83404,1
8.83436,1
8.83445,1
8.83562,1
8.83593,1
8.83602,1
8.83719,1
8.8375,1
8.83759,1
8.83876,1
8.83908,1
8.83917,1
8.84034,1
8.84065,1
8.84074,1
8.84191,1
8.84222,1
8.84231,1
8.84348,1
8.8438,1
8.84389,1
8.84506,1
8.84537,1
8.84546,1
8.84663,1
8.84694,1
8.84703,1
8.8482,1
8.84852,1
8.84861,1
8.84978,1
8.85009,1
8.85018,1
8.85135,1
8.85166,1
8.85175,1
8.85292,1
8.85324,1
8.85333,1
8.8545,1
8.85481,1
8.8549,1
8.85607,1
8.85638,1
8.85647,1
8.85764,1
8.85796,1
8.85805,1
8.85922,1
8.85953,1
8.85962,1
8.86079,1
8.8611,1
8.86119,1
8.86236,1
8.86268,1
8.86277,1
8.86394,1
8.86425,1
8.86434,1
8.86551,1
8.86582,1
8.86591,1
8.86708,1
8.8674,1
8.86749,1
8.86866,1
8.86897,1
8.86906,1
8.87023,1
8.87054,1
8.87063,1
8.8718,1
8.87212,1
8.87221,1
8.87338,1
8.87369,1
8.87378,1
8.87495,1
8.87526,1
8.87535,1
8.87652,1
8.87684,1
8.87693,1
8.8781,1
8.87841,1
8.8785,1
8.87967,1
8.87998,1
8.88007,1
8.88124,1
8.88156,1
8.88165,1
8.88282,1
8.88313,1
8.88322,1
8.88439,1
8.8847,1
8.88479,1
8.88596,1
8.88628,1
8.88637,1
8.88754,1
8.88785,1
8.88794,1
8.88911,1
8.88942,1
8.88951,1
8.89109,1
8.89266,1
8.89423,1
8.89581,1
8.89738,1
8.89895,1
8.90053,1
8.9021,1
8.90367,1
8.90525,1
8.90682,1
8.90839,1
8.90997,1
9.01276,1
9.01308,1
9.01434,1
9.01465,1
9.01591,1
9.01623,1
9.01748,1
9.0178,1
9.01906,1
9.01937,1
9.02063,1
9.02095,1
9.0222,1
9.02252,1
9.02378,1
9.02409,1
9.02535,1
9.02567,1
9.02692,1
9.02724,1
9.0285,1
9.02881,1
9.03007,1
9.03039,1
9.03164,1
9.03196,1
9.03322,1
9.03353,1
9.03362,1
9.03479,1
9.03511,1
9.0352,1
9.03636,1
9.03668,1
9.03677,1
9.03794,1
9.03825,1
9.03834,1
9.03951,1
9.03983,1
9.03992,1
9.04108,1
9.0414,1
9.04149,1
9.04266,1
9.04297,1
9.04306,1
9.04423,1
9.04455,1
9.04464,1
9.0458,1
9.04612,1
9.04621,1
9.04738,1
9.04769,1
9.04778,1
9.04895,1
9.04927,1
9.04936,1
9.05052,1
9.05084,1
9.05093,1
9.0521,1
9.05241,1
9.0525,1
9.05367,1
9.05399,1
9.05408,1
9.05524,1
9.05556,1
9.05565,1
9.05682,1
9.05713,1
9.05722,1
9.05839,1
9.05871,1
9.0588,1
9.05996,1
9.06028,1
9.06037,1
9.06154,1
9.06185,1
9.06194,1
9.06311,1
9.06343,1
9.06352,1
9.06468,1
9.065,1
9.06509,1
9.06626,1
9.06657,1
9.06666,1
9.06783,1
9.06815,1
9.06824,1
9.0694,1
9.06972,1
9.06981,1
9.07098,1
9.07129,1
9.07138,1
9.07255,1
9.07287,1
9.07296,1
9.07412,1
9.07444,1
9.07453,1
9.0757,1
9.07601,1
9.0761,1
9.07727,1
9.07759,1
9.07768,1
9.07884,1
9.07916,1
9.07925,1
9.08042,1
9.08073,1
9.08082,1
9.08199,1
9.08231,1
9.0824,1
9.08356,1
9.08388,1
9.08397,1
9.08514,1
9.08545,1
9.08554,1
9.08671,1
9.08703,1
9.08712,1
9.08828,1
9.0886,1
9.08869,1
9.08986,1
9.09017,1
9.09026,1
9.09143,1
9.09175,1
9.09184,1
9.093,1
9.09332,1
9.09341,1
9.09363,1
9.09458,1
9.09489,1
9.09498,1
9.09615,1
9.09647,1
9.09656,1
9.09772,1
9.09804,1
9.09813,1
9.0993,1
9.09961,1
9.0997,1
9.10087,1
9.10119,1
9.10128,1
9.10244,1
9.10276,1
9.10285,1
9.10402,1
9.10433,1
9.10442,1
9.10559,1
9.10591,1
9.106,1
9.10716,1
9.10748,1
9.10757,1
9.10874,1
9.10905,1
9.10914,1
9.11031,1
9.11063,1
9.11072,1
9.11229,1
9.11386,1
9.11544,1
9.11701,1
9.11858,1
9.12016,1
9.12173,1
9.1233,1
9.12488,1
9.12645,1
9.12802,1
9.1296,1
9.13117,1
9.13274,1
9.23397,1
9.23428,1
9.23554,1
9.23585,1
9.23711,1
9.23743,1
9.23869,1
9.239,1
9.24026,1
9.24057,1
9.24183,1
9.24215,1
9.24341,1
9.24372,1
9.24498,1
9.24529,1
9.24655,1
9.24687,1
9.24813,1
9.24844,1
9.2497,1
9.25001,1
9.25127,1
9.25159,1
9.25285,1
9.25316,1
9.25442,1
9.25473,1
9.25561,1
9.25599,1
9.25631,1
9.25719,1
9.25757,1
9.25788,1
9.25876,1
9.25914,1
9.25945,1
9.26033,1
9.26071,1
9.26103,1
9.26191,1
9.26229,1
9.2626,1
9.26348,1
9.26386,1
9.26417,1
9.26505,1
9.26543,1
9.26575,1
9.26663,1
9.26701,1
9.26732,1
9.2682,1
9.26858,1
9.26889,1
9.26977,1
9.27015,1
9.27047,1
9.27135,1
9.27173,1
9.27204,1
9.27292,1
9.2733,1
9.27361,1
9.27449,1
9.27487,1
9.27519,1
9.27607,1
9.27645,1
9.27676,1
9.27764,1
9.27802,1
9.27833,1
9.27921,1
9.27959,1
9.27991,1
9.28079,1
9.28117,1
9.28148,1
9.28236,1
9.28274,1
9.28305,1
9.28393,1
9.28431,1
9.28463,1
9.28551,1
9.28589,1
9.2862,1
9.28708,1
9.28746,1
9.28777,1
9.28865,1
9.28903,1
9.28935,1
9.29023,1
9.29061,1
9.29092,1
9.2918,1
9.29218,1
9.29249,1
9.29337,1
9.29375,1
9.29407,1
9.29495,1
9.29533,1
9.29564,1
9.29652,1
9.2969,1
9.29721,1
9.29809,1
9.29847,1
9.29879,1
9.29967,1
9.30005,1
9.30036,1
9.30124,1
9.30162,1
9.30193,1
9.30281,1
9.30319,1
9.30351,1
9.30439,1
9.30477,1
9.30508,1
9.30596,1
9.30634,1
9.30665,1
9.30753,1
9.30791,1
9.30823,1
9.30911,1
9.30949,1
9.3098,1
9.31068,1
9.31106,1
9.31137,1
9.31225,1
9.31263,1
9.31295,1
9.31383,1
9.31421,1
9.31452,1
9.3154,1
9.31578,1
9.31609,1
9.31697,1
9.31735,1
9.31767,1
9.31855,1
9.31893,1
9.31924,1
9.32012,1
9.3205,1
9.32081,1
9.32169,1
9.32207,1
9.32239,1
9.32327,1
9.32365,1
9.32396,1
9.32484,1
9.32522,1
9.32553,1
9.32641,1
9.32679,1
9.32711,1
9.32799,1
9.32837,1
9.32868,1
9.32956,1
9.32994,1
9.33025,1
9.33113,1
9.33151,1
9.33183,1
9.33271,1
9.33309,1
9.3334,1
9.33428,1
9.33585,1
9.33743,1
9.339,1
9.34057,1
9.34215,1
9.34372,1
9.34529,1
9.34687,1
9.34844,1
9.35001,1
9.35159,1
9.35316,1
9.35473,1
9.45596,1
9.45627,1
9.45753,1
9.45784,1
9.4591,1
9.45942,1
9.46068,1
9.46099,1
9.46225,1
9.46256,1
9.46382,1
9.46414,1
9.4654,1
9.46571,1
9.46697,1
9.46728,1
9.46854,1
9.46886,1
9.47012,1
9.47043,1
9.47169,1
9.472,1
9.47326,1
9.47358,1
9.47484,1
9.47515,1
9.47641,1
9.47672,1
9.4776,1
9.47798,1
9.4783,1
9.47917,1
9.47956,1
9.47987,1
9.48075,1
9.48113,1
9.48144,1
9.48232,1
9.4827,1
9.48302,1
9.48389,1
9.48428,1
9.48459,1
9.48547,1
9.48585,1
9.48616,1
9.48704,1
9.48742,1
9.48774,1
9.48861,1
9.489,1
9.48931,1
9.49019,1
9.49057,1
9.49088,1
9.49176,1
9.49214,1
9.49246,1
9.49333,1
9.49372,1
9.49403,1
9.49491,1
9.49529,1
9.4956,1
9.49648,1
9.49686,1
9.49718,1
9.49805,1
9.49844,1
9.49875,1
9.49963,1
9.50001,1
9.50032,1
9.5012,1
9.50158,1
9.5019,1
9.50277,1
9.50316,1
9.50347,1
9.50435,1
9.50473,1
9.50504,1
9.50592,1
9.5063,1
9.50662,1
9.50749,1
9.50788,1
9.50819,1
9.50907,1
9.50945,1
9.50976,1
9.51064,1
9.51102,1
9.51134,1
9.51221,1
9.5126,1
9.51291,1
9.51379,1
9.51417,1
9.51448,1
9.51536,1
9.51574,1
9.51606,1
9.51693,1
9.51732,1
9.51763,1
9.51851,1
9.51889,1
9.5192,1
9.52008,1
9.52046,1
9.52078,1
9.52165,1
9.52204,1
9.52235,1
9.52323,1
9.52361,1
9.52392,1
9.5248,1
9.52518,1
9.5255,1
9.52637,1
9.52676,1
9.52707,1
9.52795,1
9.52833,1
9.52864,1
9.52952,1
9.5299,1
9.53022,1
9.53109,1
9.53148,1
9.53179,1
9.53267,1
9.53305,1
9.53336,1
9.53424,1
9.53462,1
9.53494,1
9.53581,1
9.5362,1
9.53651,1
9.53739,1
9.53777,1
9.53808,1
9.53896,1
9.53934,1
9.53966,1
9.54053,1
9.54092,1
9.54123,1
9.54211,1
9.54249,1
9.5428,1
9.54368,1
9.54406,1
9.54438,1
9.54525,1
9.54564,1
9.54595,1
9.54683,1
9.54721,1
9.54752,1
9.54784,1
9.5484,1
9.54878,1
9.5491,1
9.54997,1
9.55036,1
9.55067,1
9.55155,1
9.55193,1
9.55224,1
9.55312,1
9.5535,1
9.55382,1
9.55469,1
9.55508,1
9.55539,1
9.55627,1
9.55784,1
9.55941,1
9.56099,1
9.56256,1
9.56413,1
9.56571,1
9.56728,1
9.56885,1
9.57043,1
9.572,1
9.57357,1
9.57515,1
9.57672,1
9.67794,1
9.67826,1
9.67952,1
9.67983,1
9.68109,1
9.68141,1
9.68266,1
9.68298,1
9.68424,1
9.68455,1
9.68581,1
9.68613,1
9.68738,1
9.6877,1
9.68896,1
9.68927,1
9.69053,1
9.69085,1
9.6921,1
9.69242,1
9.69368,1
9.69399,1
9.69525,1
9.69557,1
9.69682,1
9.69714,1
9.6984,1
9.69871,1
9.6988,1
9.69997,1
9.70029,1
9.70038,1
9.70154,1
9.70186,1
9.70195,1
9.70312,1
9.70343,1
9.70352,1
9.70469,1
9.70501,1
9.7051,1
9.70626,1
9.70658,1
9.70667,1
9.70784,1
9.70815,1
9.70824,1
9.70941,1
9.70973,1
9.70982,1
9.71098,1
9.7113,1
9.71139,1
9.71256,1
9.71287,1
9.71296,1
9.71413,1
9.71445,1
9.71454,1
9.7157,1
9.71602,1
9.71611,1
9.71728,1
9.71759,1
9.71768,1
9.71885,1
9.71917,1
9.71926,1
9.72042,1
9.72074,1
9.72083,1
9.722,1
9.72231,1
9.7224,1
9.72357,1
9.72389,1
9.72398,1
9.72514,1
9.72546,1
9.72555,1
9.72672,1
9.72703,1
9.72712,1
9.72829,1
9.72861,1
9.7287,1
9.72986,1
9.73018,1
9.73027,1
9.73144,1
9.73175,1
9.73184,1
9.73301,1
9.73333,1
9.73342,1
9.73458,1
9.7349,1
9.73499,1
9.73616,1
9.73647,1
9.73656,1
9.73773,1
9.73805,1
9.73814,1
9.7393,1
9.73962,1
9.73971,1
9.74088,1
9.74119,1
9.74128,1
9.74245,1
9.74277,1
9.74286,1
9.74402,1
9.74434,1
9.74443,1
9.7456,1
9.74591,1
9.746,1
9.74717,1
9.74749,1
9.74758,1
9.74874,1
9.74906,1
9.74915,1
9.75032,1
9.75063,1
9.75072,1
9.75189,1
9.75221,1
9.7523,1
9.75346,1
9.75378,1
9.75387,1
9.75504,1
9.75535,1
9.75544,1
9.75661,1
9.75693,1
9.75702,1
9.75818,1
9.7585,1
9.75859,1
9.75976,1
9.76007,1
9.76016,1
9.76133,1
9.76165,1
9.76174,1
9.7629,1
9.76322,1
9.76331,1
9.76448,1
9.76479,1
9.76488,1
9.76605,1
9.76637,1
9.76646,1
9.76762,1
9.76794,1
9.76803,1
9.7692,1
9.76951,1
9.7696,1
9.77077,1
9.77109,1
9.77118,1
9.77234,1
9.77266,1
9.77275,1
9.77392,1
9.77423,1
9.77432,1
9.77549,1
9.77581,1
9.7759,1
9.77706,1
9.77738,1
9.77747,1
9.77904,1
9.78062,1
9.78219,1
9.78376,1
9.78534,1
9.78691,1
9.78848,1
9.79006,1
9.79163,1
9.7932,1
9.79478,1
9.79635,1
9.79792,1
9.89915,1
9.89946,1
9.90072,1
9.90103,1
9.90229,1
9.90261,1
9.90387,1
9.90418,1
9.90544,1
9.90575,1
9.90701,1
9.90733,1
9.90859,1
9.9089,1
9.91016,1
9.91047,1
9.91173,1
9.91205,1
9.91331,1
9.91362,1
9.91488,1
9.91519,1
9.91645,1
9.91677,1
9.91803,1
9.91834,1
9.9196,1
9.91991,1
9.92,1
9.92117,1
9.92149,1
9.92158,1
9.92275,1
9.92306,1
9.92315,1
9.92432,1
9.92463,1
9.92472,1
9.92589,1
9.92621,1
9.9263,1
9.92747,1
9.92778,1
9.92787,1
9.92904,1
9.92935,1
9.92944,1
9.93061,1
9.93093,1
9.93102,1
9.93219,1
9.9325,1
9.93259,1
9.93376,1
9.93407,1
9.93416,1
9.93533,1
9.93565,1
9.93574,1
9.93691,1
9.93722,1
9.93731,1
9.93848,1
9.93879,1
9.93888,1
9.94005,1
9.94037,1
9.94046,1
9.94163,1
9.94194,1
9.94203,1
9.9432,1
9.94351,1
9.9436,1
9.94477,1
9.94509,1
9.94518,1
9.94635,1
9.94666,1
9.94675,1
9.94792,1
9.94823,1
9.94832,1
9.94949,1
9.94981,1
9.9499,1
9.95107,1
9.95138,1
9.95147,1
9.95264,1
9.95295,1
9.95304,1
9.95421,1
9.95453,1
9.95462,1
9.95579,1
9.9561,1
9.95619,1
9.95736,1
9.95767,1
9.95776,1
9.95893,1
9.95925,1
9.95934,1
9.96051,1
9.96082,1
9.96091,1
9.96208,1
9.96239,1
9.96248,1
9.96365,1
9.96397,1
9.96406,1
9.96523,1
9.96554,1
9.96563,1
9.9668,1
9.96711,1
9.9672,1
9.96837,1
9.96869,1
9.96878,1
9.96995,1
9.97026,1
9.97035,1
9.97152,1
9.97183,1
9.97192,1
9.97309,1
9.97341,1
9.9735,1
9.97467,1
9.97498,1
9.97507,1
9.97624,1
9.97655,1
9.97664,1
9.97781,1
9.97813,1
9.97822,1
9.97939,1
9.9797,1
9.97979,1
9.98096,1
9.98127,1
9.98136,1
9.98253,1
9.98285,1
9.98294,1
9.98411,1
9.98442,1
9.98451,1
9.98568,1
9.98599,1
9.98608,1
9.98725,1
9.98757,1
9.98766,1
9.98883,1
9.98914,1
9.98923,1
9.9904,1
9.99071,1
9.9908,1
9.99197,1
9.99229,1
9.99238,1
9.99355,1
9.99386,1
9.99395,1
9.99512,1
9.99543,1
9.99552,1
9.99669,1
9.99701,1
9.9971,1
9.99827,1
9.99858,1
9.99867,1
,
