Time ,CWND1,CWND3
1.22022,0,0
1.44145,5360,5360
1.44302,5896,5896
1.44459,6432,6432
1.44617,6968,6968
1.44774,7504,7504
1.64853,8040,8040
1.66344,8576,8576
1.66501,9112,9112
1.66658,9648,9648
1.66816,10184,10184
1.66973,10720,10720
1.6713,11256,11256
1.67288,11792,11792
1.87052,12328,12328
1.88543,12864,12864
1.887,13400,13400
1.88857,13936,13936
1.89015,14472,14472
1.89172,15008,15008
1.89329,15544,15544
1.89487,16080,16080
1.89644,16616,16616
1.89801,17152,17152
1.89959,17688,17688
2.09172,18224,18224
2.09329,18760,18760
2.10741,19296,19296
2.10899,19832,19832
2.11056,20368,20368
2.11213,20904,20904
2.11371,21440,21440
2.11528,21976,21976
2.11685,22512,22512
2.11843,23048,23048
2.12,23584,23584
2.12157,24120,24120
2.12315,24656,24656
2.12472,25192,25192
2.12629,25728,25728
2.12787,26264,26264
2.12944,26800,26800
2.31371,27336,27336
2.31528,27872,27872
2.31685,28408,28408
2.3294,28944,28944
2.33098,29480,29480
2.33255,30016,30016
2.33412,30552,30552
2.3357,31088,31088
2.33727,31624,31624
2.33884,32160,32160
2.34042,32696,32696
2.34199,33232,33232
2.34356,33768,33768
2.34514,34304,34304
2.34671,34840,34840
2.34828,35376,35376
2.34986,35912,35912
2.35143,36448,36448
2.353,36984,36984
2.35458,37520,37520
2.35615,38056,38056
2.35772,38592,38592
2.3593,39128,39128
2.36087,39664,39664
2.36244,40200,40200
2.53491,40736,40736
2.53648,41272,41272
2.53806,41808,41808
2.53963,42344,42344
2.5412,42880,42880
2.55139,43416,43416
2.55296,43952,43952
2.55454,44488,44488
2.55611,45024,45024
2.55768,45560,45560
2.55926,46096,46096
2.56083,46632,46632
2.5624,47168,47168
2.56398,47704,47704
2.56555,48240,48240
2.56712,48776,48776
2.5687,49312,49312
2.57027,49848,49848
2.57184,50384,50384
2.57342,50920,50920
2.57499,51456,51456
2.57656,51992,51992
2.57814,52528,52528
2.57971,53064,53064
2.58128,53600,53600
2.58286,54136,54136
2.58443,54672,54672
2.586,55208,55208
2.58758,55744,55744
2.58915,56280,56280
2.59072,56816,56816
2.5923,57352,57352
2.59387,57888,57888
2.59544,58424,58424
2.59702,58960,58960
2.59859,59496,59496
2.60016,60032,60032
2.60174,60568,60568
2.7569,61104,61104
2.75847,61640,61640
2.76004,62176,62176
2.76162,62712,62712
2.76319,63248,63248
2.76476,63784,63784
2.76634,64320,64320
2.77259,64856,64856
2.77417,65392,65392
2.77574,65928,65928
2.77731,66464,66464
2.77889,67000,67000
2.78046,67536,67536
2.78203,68072,68072
2.78361,68608,68608
2.78518,69144,69144
2.78675,69680,69680
2.78833,70216,70216
2.7899,70752,70752
2.79147,71288,71288
2.79305,71824,71824
2.79462,72360,72360
2.79619,72896,72896
2.79777,73432,73432
2.79934,73968,73968
2.80091,74504,74504
2.80249,75040,75040
2.80406,75576,75576
2.80563,76112,76112
2.80721,76648,76648
2.80878,77184,77184
2.81035,77720,77720
2.81193,78256,78256
2.8135,78792,78792
2.81507,79328,79328
2.81665,79864,79864
2.81822,80400,80400
2.81979,80936,80936
2.82137,81472,81472
2.82294,82008,82008
2.82451,82544,82544
2.82609,83080,83080
2.82766,83616,83616
2.82923,84152,84152
2.83081,84688,84688
2.83238,85224,85224
2.83395,85760,85760
2.83553,86296,86296
2.8371,86832,86832
2.83867,87368,87368
2.84025,87904,87904
2.84182,88440,88440
2.84339,88976,88976
2.84497,89512,89512
2.84654,90048,90048
2.84811,90584,90584
2.84969,91120,91120
2.97889,91656,91656
2.98046,92192,92192
2.98203,92728,92728
2.98361,93264,93264
2.98518,93800,93800
2.98675,94336,94336
2.98833,94872,94872
2.9899,95408,95408
2.99147,95944,95944
2.99305,96480,96480
2.99462,97016,97016
2.99619,97552,97552
2.99777,98088,98088
2.99934,98624,98624
3.00091,99160,99160
3.00249,99696,99696
3.00406,100232,100232
3.00563,100768,100768
3.00721,101304,101304
3.00878,101840,101840
3.01035,102376,102376
3.01193,102912,102912
3.0135,103448,103448
3.01507,103984,103984
3.01665,104520,104520
3.01822,105056,105056
3.01979,105592,105592
3.02137,106128,106128
3.02294,106664,106664
3.02451,107200,107200
3.02609,107736,107736
3.02766,108272,108272
3.02923,108808,108808
3.03081,109344,109344
3.03238,109880,109880
3.03395,110416,110416
3.03553,110952,110952
3.0371,111488,111488
3.03867,112024,112024
3.04025,112560,112560
3.04182,113096,113096
3.04339,113632,113632
3.04497,114168,114168
3.04654,114704,114704
3.04811,115240,115240
3.04969,115776,115776
3.05126,116312,116312
3.05283,116848,116848
3.05441,117384,117384
3.05598,117920,117920
3.05755,118456,118456
3.05913,118992,118992
3.0607,119528,119528
3.06227,120064,120064
3.06385,120600,120600
3.06542,121136,121136
3.06699,121672,121672
3.06857,122208,122208
3.07014,122744,122744
3.07171,123280,123280
3.07329,123816,123816
3.07486,124352,124352
3.07643,124888,124888
3.07801,125424,125424
3.07958,125960,125960
3.08115,126496,126496
3.08273,127032,127032
3.0843,127568,127568
3.08587,128104,128104
3.08745,128640,128640
3.08902,129176,129176
3.09059,129712,129712
3.09217,130248,130248
3.09374,130784,130784
3.09531,131320,131320
3.09689,131856,131856
3.09846,132392,132392
3.10003,132928,132928
3.10161,133464,133464
3.10318,134000,134000
3.10475,134536,134536
3.10633,135072,135072
3.1079,135608,135608
3.10947,136144,136144
3.11105,136680,136680
3.20009,137216,137216
3.20166,137752,137752
3.20324,138288,138288
3.20481,138824,138824
3.20638,139360,139360
3.20796,139896,139896
3.20953,140432,140432
3.2111,140968,140968
3.21268,141504,141504
3.21425,142040,142040
3.21582,142576,142576
3.2174,143112,143112
3.21897,143648,143648
3.22054,144184,144184
3.22212,144720,144720
3.22369,145256,145256
3.22526,145792,145792
3.22684,146328,146328
3.22841,146864,146864
3.22998,147400,147400
3.23156,147936,147936
3.23313,148472,148472
3.2347,149008,149008
3.23628,149544,149544
3.23785,150080,150080
3.23942,150616,150616
3.241,151152,151152
3.24257,151688,151688
3.24414,152224,152224
3.24572,152760,152760
3.24729,153296,153296
3.24886,153832,153832
3.25044,154368,154368
3.25201,154904,154904
3.25358,155440,155440
3.25516,155976,155976
3.25673,156512,156512
3.2583,157048,157048
3.25988,157584,157584
3.26145,158120,158120
3.26302,158656,158656
3.2646,159192,159192
3.26617,159728,159728
3.26774,160264,160264
3.26932,160800,160800
3.27089,161336,161336
3.27246,161872,161872
3.27404,162408,162408
3.27561,162944,162944
3.27718,163480,163480
3.27876,164016,164016
3.28033,164552,164552
3.2819,165088,165088
3.28348,165624,165624
3.28505,166160,166160
3.28662,166696,166696
3.2882,167232,167232
3.28977,167768,167768
3.29134,168304,168304
3.29292,168840,168840
3.29449,169376,169376
3.29606,169912,169912
3.29764,170448,170448
3.29921,170984,170984
3.30078,171520,171520
3.30236,172056,172056
3.30393,172592,172592
3.3055,173128,173128
3.30708,173664,173664
3.30865,174200,174200
3.31022,174736,174736
3.3118,175272,175272
3.31337,175808,175808
3.31494,176344,176344
3.31652,176880,176880
3.31809,177416,177416
3.31966,177952,177952
3.32124,178488,178488
3.32281,179024,179024
3.32438,179560,179560
3.32596,180096,180096
3.32753,180632,180632
3.3291,181168,181168
3.33068,181704,181704
3.33225,182240,182240
3.33382,182776,182776
3.3354,183312,183312
3.33697,183848,183848
3.33854,184384,184384
3.34012,184920,184920
3.34169,185456,185456
3.34326,185992,185992
3.34484,186528,186528
3.34641,187064,187064
3.34798,187600,187600
3.34956,188136,188136
3.35113,188672,188672
3.3527,189208,189208
3.35428,189744,189744
3.35585,190280,190280
3.35742,190816,190816
3.359,191352,191352
3.36057,191888,191888
3.36214,192424,192424
3.36372,192960,192960
3.3646,193496,193496
3.36598,194032,194032
3.36755,194568,194568
3.36893,195104,195104
3.3703,195640,195640
3.37188,196176,196176
3.37325,196712,196712
3.37463,197248,197248
3.3762,197784,197784
3.37758,198320,198320
3.37895,198856,198856
3.38053,199392,199392
3.3819,199928,199928
3.38328,200464,200464
3.38485,201000,201000
3.38623,201536,201536
3.3876,202072,202072
3.38918,202608,202608
3.42136,203144,203144
3.42274,203680,203680
3.42431,204216,204216
3.42604,204752,204752
3.42741,205288,205288
3.42899,205824,205824
3.43036,206360,206360
3.43174,206896,206896
3.43331,207432,207432
3.43469,207968,207968
3.43606,208504,208504
3.43764,209040,209040
3.43901,209576,209576
3.44039,210112,210112
3.44196,210648,210648
3.44334,211184,211184
3.44471,211720,211720
3.44629,212256,212256
3.44766,212792,212792
3.44904,213328,213328
3.45061,213864,213864
3.45199,214400,214400
3.45336,214936,214936
3.45494,215472,215472
3.45631,216008,216008
3.45769,216544,216544
3.45926,217080,217080
3.46064,217616,217616
3.46201,218152,218152
3.46359,218688,218688
3.46496,219224,219224
3.46634,219760,219760
3.46791,220296,220296
3.46929,220832,220832
3.47067,221368,221368
3.47224,221904,221904
3.47361,222440,222440
3.47499,222976,222976
3.47656,223512,223512
3.47794,224048,224048
3.47932,224584,224584
3.48089,225120,225120
3.48227,225656,225656
3.48364,226192,226192
3.48521,226728,226728
3.48659,227264,227264
3.48797,227800,227800
3.48954,228336,228336
3.49092,228872,228872
3.49229,229408,229408
3.49387,229944,229944
3.49524,230480,230480
3.49662,231016,231016
3.49819,231552,231552
3.49957,232088,232088
3.50094,232624,232624
3.50252,233160,233160
3.50389,233696,233696
3.50527,234232,234232
3.50684,234768,234768
3.50822,235304,235304
3.50959,235840,235840
3.51117,236376,236376
3.51254,236912,236912
3.51392,237448,237448
3.51549,237984,237984
3.51687,238520,238520
3.51824,239056,239056
3.51982,239592,239592
3.52119,240128,240128
3.52257,240664,240664
3.52414,241200,241200
3.52552,241736,241736
3.52689,242272,242272
3.52847,242808,242808
3.52984,243344,243344
3.53122,243880,243880
3.53279,244416,244416
3.53417,244952,244952
3.53555,245488,245488
3.53712,246024,246024
3.53849,246560,246560
3.53987,247096,247096
3.54144,247632,247632
3.54282,248168,248168
3.5442,248704,248704
3.54577,249240,249240
3.54715,249776,249776
3.54852,250312,250312
3.55009,250848,250848
3.55147,251384,251384
3.55285,251920,251920
3.55442,252456,252456
3.5558,252992,252992
3.55717,253528,253528
3.55875,254064,254064
3.56012,254600,254600
3.5615,255136,255136
3.56307,255672,255672
3.56445,256208,256208
3.56582,256744,256744
3.5674,257280,257280
3.56877,257816,257816
3.57015,258352,258352
3.57172,258888,258888
3.5731,259424,259424
3.57447,259960,259960
3.57605,260496,260496
3.57742,261032,261032
3.5788,261568,261568
3.58037,262104,262104
3.58175,262640,262640
3.58312,263176,263176
3.5847,263712,263712
3.58607,264248,264248
3.58745,264784,264784
3.58902,265320,265320
3.5904,265856,265856
3.59177,266392,266392
3.59335,266928,266928
3.59472,267464,267464
3.5961,268000,268000
3.59767,268536,268536
3.59905,269072,269072
3.60043,269608,269608
3.602,270144,270144
3.60337,270680,270680
3.60475,271216,271216
3.60632,271752,271752
3.6077,272288,272288
3.60908,272824,272824
3.61065,273360,273360
3.61203,273896,273896
3.6134,274432,274432
3.64337,274968,274968
3.64562,275504,275504
3.647,276040,276040
3.64857,276576,276576
3.65029,277112,277112
3.65167,277648,277648
3.65324,278184,278184
3.65462,278720,278720
3.65599,279256,279256
3.65757,279792,279792
3.65894,280328,280328
3.66032,280864,280864
3.66189,281400,281400
3.66327,281936,281936
3.66464,282472,282472
3.66622,283008,283008
3.66759,283544,283544
3.66897,284080,284080
3.67054,284616,284616
3.67192,285152,285152
3.67329,285688,285688
3.67487,286224,286224
3.67624,286760,286760
3.67762,287296,287296
3.67919,287832,287832
3.68057,288368,288368
3.68195,288904,288904
3.68352,289440,289440
3.68489,289976,289976
3.68627,290512,290512
3.68784,291048,291048
3.68922,291584,291584
3.6906,292120,292120
3.69217,292656,292656
3.69355,293192,293192
3.69492,293728,293728
3.69649,294264,294264
3.69787,294800,294800
3.69925,295336,295336
3.70082,295872,295872
3.7022,296408,296408
3.70357,296944,296944
3.70515,297480,297480
3.70652,298016,298016
3.7079,298552,298552
3.70947,299088,299088
3.71085,299624,299624
3.71222,300160,300160
3.7138,300696,300696
3.71517,301232,301232
3.71655,301768,301768
3.71812,302304,302304
3.7195,302840,302840
3.72087,303376,303376
3.72245,303912,303912
3.72382,304448,304448
3.7252,304984,304984
3.72677,305520,305520
3.72815,306056,306056
3.72952,306592,306592
3.7311,307128,307128
3.73247,307664,307664
3.73385,308200,308200
3.73542,308736,308736
3.7368,309272,309272
3.73817,309808,309808
3.73975,310344,310344
3.74112,310880,310880
3.7425,311416,311416
3.74407,311952,311952
3.74545,312488,312488
3.74683,313024,313024
3.7484,313560,313560
3.74977,314096,314096
3.75115,314632,314632
3.75272,315168,315168
3.7541,315704,315704
3.75548,316240,316240
3.75705,316776,316776
3.75843,317312,317312
3.7598,317848,317848
3.76137,318384,318384
3.76275,318920,318920
3.76413,319456,319456
3.7657,319992,319992
3.76708,320528,320528
3.76845,321064,321064
3.77003,321600,321600
3.77141,322136,322136
3.77279,322672,322672
3.77436,323208,323208
3.77574,323744,323744
3.77711,324280,324280
3.77869,324816,324816
3.78006,325352,325352
3.78144,325888,325888
3.78301,326424,326424
3.78439,326960,326960
3.78577,327496,327496
3.78734,328032,328032
3.78871,328568,328568
3.79009,329104,329104
3.79166,329640,329640
3.79304,330176,330176
3.79442,330712,330712
3.79599,331248,331248
3.79737,331784,331784
3.79874,332320,332320
3.80031,332856,332856
3.80169,333392,333392
3.80307,333928,333928
3.80464,334464,334464
3.80602,335000,335000
3.80739,335536,335536
3.80897,336072,336072
3.81034,336608,336608
3.81172,337144,337144
3.81329,337680,337680
3.81467,338216,338216
3.81604,338752,338752
3.81762,339288,339288
3.81899,339824,339824
3.82037,340360,340360
3.82194,340896,340896
3.82332,341432,341432
3.82469,341968,341968
3.82627,342504,342504
3.82764,343040,343040
3.82902,343576,343576
3.83059,344112,344112
3.83197,344648,344648
3.83334,345184,345184
3.83492,345720,345720
3.86462,346256,346256
3.866,346792,346792
3.86763,347328,347328
3.86988,347864,347864
3.87125,348400,348400
3.87283,348936,348936
3.87455,349472,349472
3.87592,350008,350008
3.8775,350544,350544
3.87887,351080,351080
3.88025,351616,351616
3.88182,352152,352152
3.8832,352688,352688
3.88457,353224,353224
3.88615,353760,353760
3.88752,354296,354296
3.8889,354832,354832
3.89047,355368,355368
3.89185,355904,355904
3.89323,356440,356440
3.8948,356976,356976
3.89617,357512,357512
3.89755,358048,358048
3.89912,358584,358584
3.9005,359120,359120
3.90188,359656,359656
3.90345,360192,360192
3.90483,360728,360728
3.9062,361264,361264
3.90777,361800,361800
3.90915,362336,362336
3.91053,362872,362872
3.9121,363408,363408
3.91348,363944,363944
3.91485,364480,364480
3.91643,365016,365016
3.9178,365552,365552
3.91918,366088,366088
3.92075,366624,366624
3.92213,367160,367160
3.9235,367696,367696
3.92508,368232,368232
3.92645,368768,368768
3.92783,369304,369304
3.9294,369840,369840
3.93078,370376,370376
3.93215,370912,370912
3.93373,371448,371448
3.9351,371984,371984
3.93648,372520,372520
3.93805,373056,373056
3.93943,373592,373592
3.9408,374128,374128
3.94238,374664,374664
3.94375,375200,375200
3.94513,375736,375736
3.9467,376272,376272
3.94808,376808,376808
3.94945,377344,377344
3.95103,377880,377880
3.9524,378416,378416
3.95378,378952,378952
3.95535,379488,379488
3.95673,380024,380024
3.95811,380560,380560
3.95968,381096,381096
3.96105,381632,381632
3.96243,382168,382168
3.964,382704,382704
3.96538,383240,383240
3.96676,383776,383776
3.96833,384312,384312
3.96971,384848,384848
3.97108,385384,385384
3.97265,385920,385920
3.97403,386456,386456
3.97541,386992,386992
3.97698,387528,387528
3.97836,388064,388064
3.97973,388600,388600
3.98131,389136,389136
3.98268,389672,389672
3.98406,390208,390208
3.98563,390744,390744
3.98701,391280,391280
3.98838,391816,391816
3.98996,392352,392352
3.99133,392888,392888
3.99271,393424,393424
3.99428,393960,393960
3.99567,394496,394496
3.99705,395032,395032
3.99862,395568,395568
3.99999,396104,396104
4.00137,396640,396640
4.00294,397176,397176
4.00432,397712,397712
4.0057,398248,398248
4.00727,398784,398784
4.00865,399320,399320
4.01002,399856,399856
4.01159,400392,400392
4.01297,400928,400928
4.01435,401464,401464
4.01592,402000,402000
4.0173,402536,402536
4.01867,403072,403072
4.02025,403608,403608
4.02162,404144,404144
4.023,404680,404680
4.02457,405216,405216
4.02595,405752,405752
4.02732,406288,406288
4.0289,406824,406824
4.03027,407360,407360
4.03165,407896,407896
4.03322,408432,408432
4.0346,408968,408968
4.03597,409504,409504
4.03755,410040,410040
4.03892,410576,410576
4.0403,411112,411112
4.04187,411648,411648
4.04325,412184,412184
4.04462,412720,412720
4.0462,413256,413256
4.04757,413792,413792
4.04895,414328,414328
4.05052,414864,414864
4.0519,415400,415400
4.05327,415936,415936
4.05485,416472,416472
4.05622,417008,417008
4.0576,417544,417544
4.08663,418080,418080
4.08888,418616,418616
4.09025,419152,419152
4.09188,419688,419688
4.09413,420224,420224
4.09551,420760,420760
4.09708,421296,421296
4.0988,421832,421832
4.10018,422368,422368
4.10175,422904,422904
4.10313,423440,423440
4.10451,423976,423976
4.10608,424512,424512
4.10745,425048,425048
4.10883,425584,425584
4.1104,426120,426120
4.11178,426656,426656
4.11316,427192,427192
4.11473,427728,427728
4.11611,428264,428264
4.11748,428800,428800
4.11905,429336,429336
4.12043,429872,429872
4.12181,430408,430408
4.12338,430944,430944
4.12476,431480,431480
4.12613,432016,432016
4.12771,432552,432552
4.12908,433088,433088
4.13046,433624,433624
4.13203,434160,434160
4.13341,434696,434696
4.13478,435232,435232
4.13636,435768,435768
4.13773,436304,436304
4.13911,436840,436840
4.14068,437376,437376
4.14206,437912,437912
4.14343,438448,438448
4.14501,438984,438984
4.14638,439520,439520
4.14776,440056,440056
4.14933,440592,440592
4.15071,441128,441128
4.15208,441664,441664
4.15366,442200,442200
4.15503,442736,442736
4.15641,443272,443272
4.15798,443808,443808
4.15936,444344,444344
4.16073,444880,444880
4.16231,445416,445416
4.16368,445952,445952
4.16506,446488,446488
4.16663,447024,447024
4.16801,447560,447560
4.16939,448096,448096
4.17096,448632,448632
4.17233,449168,449168
4.17371,449704,449704
4.17528,450240,450240
4.17666,450776,450776
4.17804,451312,451312
4.17961,451848,451848
4.18099,452384,452384
4.18236,452920,452920
4.18393,453456,453456
4.18531,453992,453992
4.18669,454528,454528
4.18826,455064,455064
4.18964,455600,455600
4.19101,456136,456136
4.19259,456672,456672
4.19396,457208,457208
4.19534,457744,457744
4.19691,458280,458280
4.19829,458816,458816
4.19966,459352,459352
4.20124,459888,459888
4.20261,460424,460424
4.20399,460960,460960
4.20556,461496,461496
4.20694,462032,462032
4.20831,462568,462568
4.20989,463104,463104
4.21126,463640,463640
4.21264,464176,464176
4.21421,464712,464712
4.21559,465248,465248
4.21696,465784,465784
4.21854,466320,466320
4.21993,466856,466856
4.2213,467392,467392
4.22287,467928,467928
4.22425,468464,468464
4.22563,469000,469000
4.2272,469536,469536
4.22858,470072,470072
4.22995,470608,470608
4.23153,471144,471144
4.2329,471680,471680
4.23428,472216,472216
4.23585,472752,472752
4.23723,473288,473288
4.2386,473824,473824
4.24018,474360,474360
4.24155,474896,474896
4.24293,475432,475432
4.2445,475968,475968
4.24588,476504,476504
4.24725,477040,477040
4.24883,477576,477576
4.2502,478112,478112
4.25158,478648,478648
4.25315,479184,479184
4.25453,479720,479720
4.2559,480256,480256
4.25748,480792,480792
4.25885,481328,481328
4.26023,481864,481864
4.2618,482400,482400
4.26318,482936,482936
4.26455,483472,483472
4.26613,484008,484008
4.2675,484544,484544
4.26888,485080,485080
4.27045,485616,485616
4.27183,486152,486152
4.27321,486688,486688
4.27478,487224,487224
4.27615,487760,487760
4.27753,488296,488296
4.2791,488832,488832
4.30788,489368,489368
4.30925,489904,489904
4.31088,490440,490440
4.31313,490976,490976
4.31451,491512,491512
4.31614,492048,492048
4.31839,492584,492584
4.31976,493120,493120
4.32134,493656,493656
4.32306,494192,494192
4.32444,494728,494728
4.32601,495264,495264
4.32739,495800,495800
4.32876,496336,496336
4.33033,496872,496872
4.33171,497408,497408
4.33309,497944,497944
4.33466,498480,498480
4.33604,499016,499016
4.33741,499552,499552
4.33899,500088,500088
4.34036,500624,500624
4.34174,501160,501160
4.34331,501696,501696
4.34469,502232,502232
4.34606,502768,502768
4.34764,503304,503304
4.34901,503840,503840
4.35039,504376,504376
4.35196,504912,504912
4.35334,505448,505448
4.35471,505984,505984
4.35629,506520,506520
4.35766,507056,507056
4.35904,507592,507592
4.36061,508128,508128
4.36199,508664,508664
4.36336,509200,509200
4.36494,509736,509736
4.36631,510272,510272
4.36769,510808,510808
4.36926,511344,511344
4.37064,511880,511880
4.37201,512416,512416
4.37359,512952,512952
4.37496,513488,513488
4.37634,514024,514024
4.37791,514560,514560
4.37929,515096,515096
4.38067,515632,515632
4.38224,516168,516168
4.38361,516704,516704
4.38499,517240,517240
4.38656,517776,517776
4.38794,518312,518312
4.38932,518848,518848
4.39089,519384,519384
4.39227,519920,519920
4.39364,520456,520456
4.39521,520992,520992
4.39659,521528,521528
4.39797,522064,522064
4.39954,522600,522600
4.40092,523136,523136
4.40229,523672,523672
4.40387,524208,524208
4.40524,524744,524744
4.40662,525280,525280
4.40819,525816,525816
4.40957,526352,526352
4.41094,526888,526888
4.41252,527424,527424
4.41389,527960,527960
4.41527,528496,528496
4.41684,529032,529032
4.41822,529568,529568
4.41959,530104,530104
4.42117,530640,530640
4.42254,531176,531176
4.42392,531712,531712
4.42549,532248,532248
4.42687,532784,532784
4.42824,533320,533320
4.42982,533856,533856
4.43119,534392,534392
4.43257,534928,534928
4.43414,535464,535464
4.43552,536000,536000
4.43689,536536,536536
4.43847,537072,537072
4.43984,537608,537608
4.44122,538144,538144
4.44279,538680,538680
4.44418,539216,539216
4.44556,539752,539752
4.44713,540288,540288
4.44851,540824,540824
4.44988,541360,541360
4.45146,541896,541896
4.45283,542432,542432
4.45421,542968,542968
4.45578,543504,543504
4.45716,544040,544040
4.45853,544576,544576
4.46011,545112,545112
4.46148,545648,545648
4.46286,546184,546184
4.46443,546720,546720
4.46581,547256,547256
4.46718,547792,547792
4.46876,548328,548328
4.47013,548864,548864
4.47151,549400,549400
4.47308,549936,549936
4.47446,550472,550472
4.47583,551008,551008
4.47741,551544,551544
4.48046,552080,552080
4.48125,128480,128480
4.48184,127944,127944
4.48309,127739,127739
4.48388,127467,127467
4.48525,127195,127195
4.48604,126726,126726
4.48663,126454,126454
4.48742,126257,126257
4.4882,125985,125985
4.48958,125713,125713
4.49037,125244,125244
4.49174,124971,124971
4.49253,124502,124502
4.49312,124230,124230
4.4939,124033,124033
4.49469,123761,123761
4.49607,123489,123489
4.49685,123020,123020
4.49823,122748,122748
4.49902,122279,122279
4.49961,122007,122007
4.50039,121810,121810
4.50118,121537,121537
4.52911,121265,121265
4.5299,120796,120796
4.53215,120524,120524
4.53293,120055,120055
4.53352,119783,119783
4.53437,119586,119586
4.53515,119314,119314
4.5374,119042,119042
4.53819,118573,118573
4.53962,118300,118300
4.54041,117831,117831
4.541,117559,117559
4.54266,117362,117362
4.54345,117090,117090
4.54482,116818,116818
4.54561,116349,116349
4.54733,116077,116077
4.54812,115608,115608
4.54871,115336,115336
4.54949,115139,115139
4.55028,114867,114867
4.55166,114594,114594
4.55244,114125,114125
4.55382,113853,113853
4.55461,113384,113384
4.55519,113112,113112
4.55598,112915,112915
4.55677,112643,112643
4.55814,112371,112371
4.55893,111902,111902
4.56031,111630,111630
4.56109,111160,111160
4.56168,110888,110888
4.56247,110691,110691
4.56326,110419,110419
4.56463,110147,110147
4.56542,109678,109678
4.56601,109406,109406
4.56679,109209,109209
4.56758,108937,108937
4.56817,108665,108665
4.56896,108468,108468
4.56974,108196,108196
4.57112,107924,107924
4.57191,107454,107454
4.5725,107182,107182
4.57328,106985,106985
4.57407,106713,106713
4.57466,106441,106441
4.57545,106244,106244
4.57623,105972,105972
4.57761,105700,105700
4.57839,105231,105231
4.57898,104959,104959
4.57977,104762,104762
4.58056,104490,104490
4.58115,104217,104217
4.58193,104020,104020
4.58272,103748,103748
4.5841,103476,103476
4.58488,103007,103007
4.58547,102735,102735
4.58626,102538,102538
4.58705,102266,102266
4.58763,101994,101994
4.58842,101797,101797
4.58921,101525,101525
4.59058,101253,101253
4.59137,100783,100783
4.59196,100511,100511
4.59275,100314,100314
4.59353,100042,100042
4.59412,99770,99770
4.59491,99573,99573
4.5957,99301,99301
4.59707,99029,99029
4.59786,98560,98560
4.59845,98288,98288
4.59923,98091,98091
4.60002,97819,97819
4.60061,97547,97547
4.6014,97350,97350
4.60218,97077,97077
4.60356,96805,96805
4.60435,96336,96336
4.60494,96064,96064
4.60572,95867,95867
4.60651,95595,95595
4.6071,95323,95323
4.60789,95126,95126
4.60867,94854,94854
4.61005,94582,94582
4.61083,93480,93480
4.61142,92944,92944
4.61221,92556,92556
4.613,92020,92020
4.61359,91484,91484
4.61437,91096,91096
4.61516,90560,90560
4.61575,90024,90024
4.61654,89636,89636
4.61732,89100,89100
4.61791,88564,88564
4.6187,88176,88176
4.61949,87640,87640
4.62007,87104,87104
4.62086,86716,86716
4.62165,86180,86180
4.62224,85644,85644
4.62302,85256,85256
4.62381,84720,84720
4.6244,84184,84184
4.62519,83796,83796
4.62597,83260,83260
4.62656,82724,82724
4.62735,82336,82336
4.62814,81800,81800
4.62873,81264,81264
4.62951,80876,80876
4.6303,80340,80340
4.63089,79804,79804
4.63167,79416,79416
4.63246,78880,78880
4.63305,78344,78344
4.63384,77956,77956
4.63462,77420,77420
4.63521,76884,76884
4.636,76496,76496
4.63679,75960,75960
4.63738,75424,75424
4.63816,75036,75036
4.63895,74500,74500
4.63954,73964,73964
4.64033,73576,73576
4.64111,73040,73040
4.6417,72504,72504
4.64249,72116,72116
4.64327,71580,71580
4.64386,71044,71044
4.64465,70656,70656
4.64544,70120,70120
4.64603,69584,69584
4.64681,69196,69196
4.6476,68660,68660
4.64819,68124,68124
4.64898,67736,67736
4.64976,67200,67200
4.65035,66664,66664
4.65114,66276,66276
4.65193,65740,65740
4.65251,65204,65204
4.6533,64816,64816
4.65409,64280,64280
4.65468,63972,63972
4.65546,63744,63744
4.65841,63356,63356
4.66058,62968,62968
4.66274,62580,62580
4.6649,62192,62192
4.66706,61804,61804
4.66924,61416,61416
4.6714,61028,61028
4.67356,60640,60640
4.67573,60252,60252
4.67789,59864,59864
4.68005,59476,59476
4.68221,59088,59088
4.68438,58700,58700
4.68654,58312,58312
4.6887,57924,57924
4.69087,57536,57536
4.69303,57148,57148
4.69519,56760,56760
4.69735,56372,56372
4.70011,55984,55984
4.70166,55448,55448
4.70166,63972,63972
4.92373,63976,63976
4.92511,63980,63980
4.92648,63984,63984
4.92806,63988,63988
4.92943,63992,63992
4.93081,63996,63996
4.93238,64000,64000
4.93376,64004,64004
4.93513,64008,64008
4.93671,64012,64012
4.93808,64016,64016
4.93946,64020,64020
4.94103,64024,64024
4.94241,64028,64028
4.94378,64032,64032
4.94536,64036,64036
4.94673,64040,64040
4.94811,64044,64044
4.94968,64048,64048
4.95106,64052,64052
4.95244,64056,64056
4.95401,64060,64060
4.95538,64064,64064
4.95676,64068,64068
4.95833,64072,64072
4.95971,64076,64076
4.96109,64080,64080
4.96266,64084,64084
4.96404,64088,64088
4.96541,64092,64092
4.96698,64096,64096
4.96836,64100,64100
4.96974,64104,64104
4.97131,64108,64108
4.97269,64112,64112
4.97406,64116,64116
4.97564,64120,64120
4.97701,64124,64124
4.97839,64128,64128
4.97996,64132,64132
4.98134,64136,64136
4.98271,64140,64140
4.98429,64144,64144
4.98566,64148,64148
4.98704,64152,64152
4.98861,64156,64156
4.98999,64160,64160
4.99136,64164,64164
4.99294,64168,64168
4.99431,64172,64172
4.99569,64176,64176
4.99726,64180,64180
4.99864,64184,64184
5.00001,64188,64188
5.00159,64192,64192
5.00296,64196,64196
5.00434,64200,64200
5.00591,64204,64204
5.00729,64208,64208
5.00866,64212,64212
5.01024,64216,64216
5.01161,64220,64220
5.01299,64224,64224
5.01456,64228,64228
5.01594,64232,64232
5.14493,64236,64236
5.14651,64240,64240
5.14847,64244,64244
5.15005,64248,64248
5.15162,64252,64252
5.15319,64256,64256
5.15477,64260,64260
5.15634,64264,64264
5.15791,64268,64268
5.15949,64272,64272
5.16106,64276,64276
5.16263,64280,64280
5.16421,64284,64284
5.16578,64288,64288
5.16735,64292,64292
5.16893,64296,64296
5.1705,64300,64300
5.17207,64304,64304
5.17365,64308,64308
5.17522,64312,64312
5.17679,64316,64316
5.17837,64320,64320
5.18032,64324,64324
5.1819,64328,64328
5.18347,64332,64332
5.18504,64336,64336
5.18662,64340,64340
5.18819,64344,64344
5.18976,64348,64348
5.19134,64352,64352
5.19291,64356,64356
5.19448,64360,64360
5.19606,64364,64364
5.19763,64368,64368
5.1992,64372,64372
5.20078,64376,64376
5.20235,64380,64380
5.20392,64384,64384
5.2055,64388,64388
5.20707,64392,64392
5.20864,64396,64396
5.21022,64400,64400
5.21179,64404,64404
5.21336,64408,64408
5.21494,64412,64412
5.21651,64416,64416
5.21808,64420,64420
5.21966,64424,64424
5.22123,64428,64428
5.2228,64432,64432
5.22438,64436,64436
5.22595,64440,64440
5.22752,64444,64444
5.2291,64448,64448
5.23067,64452,64452
5.23224,64456,64456
5.23382,64460,64460
5.23539,64464,64464
5.23696,64468,64468
5.36614,64472,64472
5.36771,64476,64476
5.36967,64480,64480
5.37125,64484,64484
5.37282,64488,64488
5.37439,64492,64492
5.37597,64496,64496
5.37754,64500,64500
5.37911,64504,64504
5.38069,64508,64508
5.38226,64512,64512
5.38383,64516,64516
5.38541,64520,64520
5.38698,64524,64524
5.38855,64528,64528
5.39013,64532,64532
5.3917,64536,64536
5.39327,64540,64540
5.39485,64544,64544
5.39642,64548,64548
5.39799,64552,64552
5.39957,64556,64556
5.40114,64560,64560
5.40271,64564,64564
5.40429,64568,64568
5.40586,64572,64572
5.40743,64576,64576
5.40901,64580,64580
5.41058,64584,64584
5.41215,64588,64588
5.41373,64592,64592
5.4153,64596,64596
5.41687,64600,64600
5.41845,64604,64604
5.42002,64608,64608
5.42159,64612,64612
5.42317,64616,64616
5.42474,64620,64620
5.42631,64624,64624
5.42789,64628,64628
5.42946,64632,64632
5.43103,64636,64636
5.43261,64640,64640
5.43418,64644,64644
5.43575,64648,64648
5.43733,64652,64652
5.4389,64656,64656
5.44047,64660,64660
5.44205,64664,64664
5.44362,64668,64668
5.44519,64672,64672
5.44677,64676,64676
5.44834,64680,64680
5.44991,64684,64684
5.45149,64688,64688
5.45306,64692,64692
5.45463,64696,64696
5.45621,64700,64700
5.45778,64704,64704
5.45935,64708,64708
5.58812,64712,64712
5.5897,64716,64716
5.59166,64720,64720
5.59324,64724,64724
5.59481,64728,64728
5.59638,64732,64732
5.59796,64736,64736
5.59953,64740,64740
5.6011,64744,64744
5.60268,64748,64748
5.60425,64752,64752
5.60582,64756,64756
5.6074,64760,64760
5.60897,64764,64764
5.61054,64768,64768
5.61212,64772,64772
5.61369,64776,64776
5.61526,64780,64780
5.61684,64784,64784
5.61841,64788,64788
5.61998,64792,64792
5.62156,64796,64796
5.62313,64800,64800
5.6247,64804,64804
5.62628,64808,64808
5.62785,64812,64812
5.62942,64816,64816
5.631,64820,64820
5.63257,64824,64824
5.63414,64828,64828
5.63572,64832,64832
5.63729,64836,64836
5.63886,64840,64840
5.64044,64844,64844
5.64201,64848,64848
5.64358,64852,64852
5.64516,64856,64856
5.64673,64860,64860
5.6483,64864,64864
5.64988,64868,64868
5.65145,64872,64872
5.65302,64876,64876
5.6546,64880,64880
5.65617,64884,64884
5.65774,64888,64888
5.65932,64892,64892
5.66089,64896,64896
5.66246,64900,64900
5.66404,64904,64904
5.66561,64908,64908
5.66718,64912,64912
5.66876,64916,64916
5.67033,64920,64920
5.6719,64924,64924
5.67348,64928,64928
5.67505,64932,64932
5.67662,64936,64936
5.6782,64940,64940
5.67977,64944,64944
5.68134,64948,64948
5.81011,64952,64952
5.81169,64956,64956
5.81365,64960,64960
5.81523,64964,64964
5.8168,64968,64968
5.81837,64972,64972
5.81995,64976,64976
5.82152,64980,64980
5.82309,64984,64984
5.82467,64988,64988
5.82624,64992,64992
5.82781,64996,64996
5.82939,65000,65000
5.83096,65004,65004
5.83253,65008,65008
5.83411,65012,65012
5.83568,65016,65016
5.83725,65020,65020
5.83883,65024,65024
5.8404,65028,65028
5.84197,65032,65032
5.84355,65036,65036
5.84512,65040,65040
5.84669,65044,65044
5.84827,65048,65048
5.84984,65052,65052
5.85141,65056,65056
5.85299,65060,65060
5.85456,65064,65064
5.85613,65068,65068
5.85771,65072,65072
5.85928,65076,65076
5.86085,65080,65080
5.86243,65084,65084
5.864,65088,65088
5.86557,65092,65092
5.86715,65096,65096
5.86872,65100,65100
5.87029,65104,65104
5.87187,65108,65108
5.87344,65112,65112
5.87501,65116,65116
5.87659,65120,65120
5.87816,65124,65124
5.87973,65128,65128
5.88131,65132,65132
5.88288,65136,65136
5.88445,65140,65140
5.88603,65144,65144
5.8876,65148,65148
5.88917,65152,65152
5.89075,65156,65156
5.89232,65160,65160
5.89389,65164,65164
5.89547,65168,65168
5.89704,65172,65172
5.89861,65176,65176
5.90019,65180,65180
5.90176,65184,65184
5.90333,65188,65188
6.03132,65192,65192
6.03289,65196,65196
6.03485,65200,65200
6.03643,65204,65204
6.038,65208,65208
6.03957,65212,65212
6.04115,65216,65216
6.04272,65220,65220
6.04429,65224,65224
6.04587,65228,65228
6.04744,65232,65232
6.04901,65236,65236
6.05059,65240,65240
6.05216,65244,65244
6.05373,65248,65248
6.05531,65252,65252
6.05688,65256,65256
6.05845,65260,65260
6.06003,65264,65264
6.0616,65268,65268
6.06317,65272,65272
6.06475,65276,65276
6.06632,65280,65280
6.06789,65284,65284
6.06947,65288,65288
6.07104,65292,65292
6.07261,65296,65296
6.07419,65300,65300
6.07576,65304,65304
6.07733,65308,65308
6.07891,65312,65312
6.08048,65316,65316
6.08205,65320,65320
6.08363,65324,65324
6.0852,65328,65328
6.08677,65332,65332
6.08835,65336,65336
6.08992,65340,65340
6.09149,65344,65344
6.09307,65348,65348
6.09464,65352,65352
6.09621,65356,65356
6.09779,65360,65360
6.09936,65364,65364
6.10093,65368,65368
6.10251,65372,65372
6.10408,65376,65376
6.10565,65380,65380
6.10723,65384,65384
6.1088,65388,65388
6.11037,65392,65392
6.11195,65396,65396
6.11352,65400,65400
6.11509,65404,65404
6.11667,65408,65408
6.11824,65412,65412
6.11981,65416,65416
6.12139,65420,65420
6.12296,65424,65424
6.12453,65428,65428
6.25252,65432,65432
6.25409,65436,65436
6.25606,65440,
6.25763,65444,
6.2592,65448,
6.26078,65452,
6.26235,65456,
6.26392,65460,
6.2655,65464,
6.26707,65468,
6.26864,65472,
6.27022,65476,
6.27179,65480,
6.27336,65484,
6.27494,65488,
6.27651,65492,
6.27808,65496,
6.27966,65500,
6.28123,65504,
6.2828,65508,
6.28438,65512,
6.28595,65516,
6.28752,65520,
6.2891,65524,
6.29067,65528,
6.29224,65532,
6.29382,65536,
6.29539,65540,
6.29696,65544,
6.29854,65548,
6.30011,65552,
6.30168,65556,
6.30326,65560,
6.30483,65564,
6.3064,65568,
6.30798,65572,
6.30955,65576,
6.31112,65580,
6.3127,65584,
6.31427,65588,
6.31584,65592,
6.31742,65596,
6.31899,65600,
6.32056,65604,
6.32214,65608,
6.32371,65612,
6.32528,65616,
6.32686,65620,
6.32843,65624,
6.33,65628,
6.33158,65632,
6.33315,65636,
6.33472,65640,
6.3363,65644,
6.33787,65648,
6.33944,65652,
6.34102,65656,
6.34259,65660,
6.34416,65664,
6.34574,65668,
6.34731,65672,
6.47451,65676,
6.47608,65680,
6.47804,65684,
6.47962,65688,
6.48119,65692,
6.48276,65696,
6.48434,65700,
6.48591,65704,
6.48748,65708,
6.48906,65712,
6.49063,65716,
6.4922,65720,
6.49378,65724,
6.49535,65728,
6.49692,65732,
6.4985,65736,
6.50007,65740,
6.50164,65744,
6.50322,65748,
6.50479,65752,
6.50636,65756,
6.50794,65760,
6.50951,65764,
6.51108,65768,
6.51266,65772,
6.51423,65776,
6.5158,65780,
6.51738,65784,
6.51895,65788,
6.52052,65792,
6.5221,65796,
6.52367,65800,
6.52524,65804,
6.52682,65808,
6.52839,65812,
6.52996,65816,
6.53154,65820,
6.53311,65824,
6.53468,65828,
6.53626,65832,
6.53783,65836,
6.5394,65840,
6.54098,65844,
6.54255,65848,
6.54412,65852,
6.5457,65856,
6.54727,65860,
6.54884,65864,
6.55042,65868,
6.55199,65872,
6.55356,65876,
6.55514,65880,
6.55671,65884,
6.55828,65888,
6.55986,65892,
6.56143,65896,
6.563,65900,
6.56458,65904,
6.56615,65908,
6.56772,65912,
6.5693,65916,
6.69649,65920,
6.69807,65924,
6.70003,65928,
6.70161,65932,
6.70318,65936,
6.70475,65940,
6.70633,65944,
6.7079,65948,
6.70947,65952,
6.71105,65956,
6.71262,65960,
6.71419,65964,
6.71577,65968,
6.71734,65972,
6.71891,65976,
6.72049,65980,
6.72206,65984,
6.72363,65988,
6.72521,65992,
6.72678,65996,
6.72835,66000,
6.72993,66004,
6.7315,66008,
6.73307,66012,
6.73465,66016,
6.73622,66020,
6.73779,66024,
6.73937,66028,
6.74094,66032,
6.74251,66036,
6.74409,66040,
6.74566,66044,
6.74723,66048,
6.74881,66052,
6.75038,66056,
6.75195,66060,
6.75353,66064,
6.7551,66068,
6.75667,66072,
6.75825,66076,
6.75982,66080,
6.76139,66084,
6.76297,66088,
6.76454,66092,
6.76611,66096,
6.76769,66100,
6.76926,66104,
6.77083,66108,
6.77241,66112,
6.77398,66116,
6.77555,66120,
6.77713,66124,
6.7787,66128,
6.78027,66132,
6.78185,66136,
6.78342,66140,
6.78499,66144,
6.78657,66148,
6.78814,66152,
6.78971,66156,
6.79129,66160,
6.91848,66164,
6.92006,66168,
6.92163,66172,
6.9232,66176,
6.92478,66180,
6.92635,66184,
6.92792,66188,
6.9295,66192,
6.93107,66196,
6.93264,66200,
6.93422,66204,
6.93579,66208,
6.93736,66212,
6.93894,66216,
6.94051,66220,
6.94208,66224,
6.94366,66228,
6.94523,66232,
6.9468,66236,
6.94838,66240,
6.94995,66244,
6.95152,66248,
6.9531,66252,
6.95467,66256,
6.95624,66260,
6.95782,66264,
6.95939,66268,
6.96096,66272,
6.96254,66276,
6.96411,66280,
6.96568,66284,
6.96726,66288,
6.96883,66292,
6.9704,66296,
6.97198,66300,
6.97355,66304,
6.97512,66308,
6.9767,66312,
6.97827,66316,
6.97984,66320,
6.98142,66324,
6.98299,66328,
6.98456,66332,
6.98614,66336,
6.98771,66340,
6.98928,66344,
6.99086,66348,
6.99243,66352,
6.994,66356,
6.99558,66360,
6.99715,66364,
6.99872,66368,
7.0003,66372,
7.00187,66376,
7.00344,66380,
7.00502,66384,
7.00659,66388,
7.00816,66392,
7.00974,66396,
7.01131,66400,
7.01288,66404,
7.13969,66408,
7.14126,66412,
7.14283,66416,
7.14441,66420,
7.14598,66424,
7.14755,66428,
7.14913,66432,
7.1507,66436,
7.15227,66440,
7.15385,66444,
7.15542,66448,
7.15699,66452,
7.15857,66456,
7.16014,66460,
7.16171,66464,
7.16329,66468,
7.16486,66472,
7.16643,66476,
7.16801,66480,
7.16958,66484,
7.17115,66488,
7.17273,66492,
7.1743,66496,
7.17587,66500,
7.17745,66504,
7.17902,66508,
7.18059,66512,
7.18217,66516,
7.18374,66520,
7.18531,66524,
7.18689,66528,
7.18846,66532,
7.19003,66536,
7.19161,66540,
7.19318,66544,
7.19475,66548,
7.19633,66552,
7.1979,66556,
7.19947,66560,
7.20105,66564,
7.20262,66568,
7.20419,66572,
7.20577,66576,
7.20734,66580,
7.20891,66584,
7.21049,66588,
7.21206,66592,
7.21363,66596,
7.21521,66600,
7.21678,66604,
7.21835,66608,
7.21993,66612,
7.2215,66616,
7.22307,66620,
7.22465,66624,
7.22622,66628,
7.22779,66632,
7.22937,66636,
7.23094,66640,
7.23251,66644,
7.23409,66648,
7.36089,66652,
7.36246,66656,
7.36403,66660,
7.36561,66664,
7.36718,66668,
7.36875,66672,
7.37033,66676,
7.3719,66680,
7.37347,66684,
7.37505,66688,
7.37662,66692,
7.37819,66696,
7.37977,66700,
7.38134,66704,
7.38291,66708,
7.38449,66712,
7.38606,66716,
7.38763,66720,
7.38921,66724,
7.39078,66728,
7.39235,66732,
7.39393,66736,
7.3955,66740,
7.39707,66744,
7.39865,66748,
7.40022,66752,
7.40179,66756,
7.40337,66760,
7.40494,66764,
7.40651,66768,
7.40809,66772,
7.40966,66776,
7.41123,66780,
7.41281,66784,
7.41438,66788,
7.41595,66792,
7.41753,66796,
7.4191,66800,
7.42067,66804,
7.42225,66808,
7.42382,66812,
7.42539,66816,
7.42697,66820,
7.42854,66824,
7.43011,66828,
7.43169,66832,
7.43326,66836,
7.43483,66840,
7.43641,66844,
7.43798,66848,
7.43955,66852,
7.44113,66856,
7.4427,66860,
7.44427,66864,
7.44585,66868,
7.44742,66872,
7.44899,66876,
7.45057,66880,
7.45214,66884,
7.45371,66888,
7.45529,66892,
7.45686,66896,
7.58288,66900,
7.58445,66904,
7.58602,66908,
7.5876,66912,
7.58917,66916,
7.59074,66920,
7.59232,66924,
7.59389,66928,
7.59546,66932,
7.59704,66936,
7.59861,66940,
7.60018,66944,
7.60176,66948,
7.60333,66952,
7.6049,66956,
7.60648,66960,
7.60805,66964,
7.60962,66968,
7.6112,66972,
7.61277,66976,
7.61434,66980,
7.61592,66984,
7.61749,66988,
7.61906,66992,
7.62064,66996,
7.62221,67000,
7.62378,67004,
7.62536,67008,
7.62693,67012,
7.6285,67016,
7.63008,67020,
7.63165,67024,
7.63322,67028,
7.6348,67032,
7.63637,67036,
7.63794,67040,
7.63952,67044,
7.64109,67048,
7.64266,67052,
7.64424,67056,
7.64581,67060,
7.64738,67064,
7.64896,67068,
7.65053,67072,
7.6521,67076,
7.65368,67080,
7.65525,67084,
7.65682,67088,
7.6584,67092,
7.65997,67096,
7.66154,67100,
7.66312,67104,
7.66469,67108,
7.66626,67112,
7.66784,67116,
7.66941,67120,
7.67098,67124,
7.67256,67128,
7.67413,67132,
7.6757,67136,
7.67728,67140,
7.67885,67144,
7.80487,67148,
7.80644,67152,
7.80801,67156,
7.80959,67160,
7.81116,67164,
7.81273,67168,
7.81431,67172,
7.81588,67176,
7.81745,67180,
7.81903,67184,
7.8206,67188,
7.82217,67192,
7.82375,67196,
7.82532,67200,
7.82689,67204,
7.82847,67208,
7.83004,67212,
7.83161,67216,
7.83319,67220,
7.83476,67224,
7.83633,67228,
7.83791,67232,
7.83948,67236,
7.84105,67240,
7.84263,67244,
7.8442,67248,
7.84577,67252,
7.84735,67256,
7.84892,67260,
7.85049,67264,
7.85207,67268,
7.85364,67272,
7.85521,67276,
7.85679,67280,
7.85836,67284,
7.85993,67288,
7.86151,67292,
7.86308,67296,
7.86465,67300,
7.86623,67304,
7.8678,67308,
7.86937,67312,
7.87095,67316,
7.87252,67320,
7.87409,67324,
7.87567,67328,
7.87724,67332,
7.87881,67336,
7.88039,67340,
7.88196,67344,
7.88353,67348,
7.88511,67352,
7.88668,67356,
7.88825,67360,
7.88983,67364,
7.8914,67368,
7.89297,67372,
7.89455,67376,
7.89612,67380,
7.89769,67384,
7.89927,67388,
7.90084,67392,
8.02607,67396,
8.02764,67400,
8.02921,67404,
8.03079,67408,
8.03236,67412,
8.03393,67416,
8.03551,67420,
8.03708,67424,
8.03865,67428,
8.04023,67432,
8.0418,67436,
8.04337,67440,
8.04495,67444,
8.04652,67448,
8.04809,67452,
8.04967,67456,
8.05124,67460,
8.05281,67464,
8.05439,67468,
8.05596,67472,
8.05753,67476,
8.05911,67480,
8.06068,67484,
8.06225,67488,
8.06383,67492,
8.0654,67496,
8.06697,67500,
8.06855,67504,
8.07012,67508,
8.07169,67512,
8.07327,67516,
8.07484,67520,
8.07641,67524,
8.07799,67528,
8.07956,67532,
8.08113,67536,
8.08271,67540,
8.08428,67544,
8.08585,67548,
8.08743,67552,
8.089,67556,
8.09057,67560,
8.09215,67564,
8.09372,67568,
8.09529,67572,
8.09687,67576,
8.09844,67580,
8.10001,67584,
8.10159,67588,
8.10316,67592,
8.10473,67596,
8.10631,67600,
8.10788,67604,
8.10945,67608,
8.11103,67612,
8.1126,67616,
8.11417,67620,
8.11575,67624,
8.11732,67628,
8.11889,67632,
8.12047,67636,
8.12204,67640,
8.24727,67644,
8.24884,67648,
8.25042,67652,
8.25199,67656,
8.25356,67660,
8.25514,67664,
8.25671,67668,
8.25828,67672,
8.25986,67676,
8.26143,67680,
8.263,67684,
8.26458,67688,
8.26615,67692,
8.26772,67696,
8.2693,67700,
8.27087,67704,
8.27244,67708,
8.27402,67712,
8.27559,67716,
8.27716,67720,
8.27874,67724,
8.28031,67728,
8.28188,67732,
8.28346,67736,
8.28503,67740,
8.2866,67744,
8.28818,67748,
8.28975,67752,
8.29132,67756,
8.2929,67760,
8.29447,67764,
8.29604,67768,
8.29762,67772,
8.29919,67776,
8.30076,67780,
8.30234,67784,
8.30391,67788,
8.30548,67792,
8.30706,67796,
8.30863,67800,
8.3102,67804,
8.31178,67808,
8.31335,67812,
8.31492,67816,
8.3165,67820,
8.31807,67824,
8.31964,67828,
8.32122,67832,
8.32279,67836,
8.32436,67840,
8.32594,67844,
8.32751,67848,
8.32908,67852,
8.33066,67856,
8.33223,67860,
8.3338,67864,
8.33538,67868,
8.33695,67872,
8.33852,67876,
8.3401,67880,
8.34167,67884,
8.34324,67888,
8.34482,67892,
8.46926,67896,
8.47083,67900,
8.47241,67904,
8.47398,67908,
8.47555,67912,
8.47713,67916,
8.4787,67920,
8.48027,67924,
8.48185,67928,
8.48342,67932,
8.48499,67936,
8.48657,67940,
8.48814,67944,
8.48971,67948,
8.49129,67952,
8.49286,67956,
8.49443,67960,
8.49601,67964,
8.49758,67968,
8.49915,67972,
8.50073,67976,
8.5023,67980,
8.50387,67984,
8.50545,67988,
8.50702,67992,
8.50859,67996,
8.51017,68000,
8.51174,68004,
8.51331,68008,
8.51489,68012,
8.51646,68016,
8.51803,68020,
8.51961,68024,
8.52118,68028,
8.52275,68032,
8.52433,68036,
8.5259,68040,
8.52747,68044,
8.52905,68048,
8.53062,68052,
8.53219,68056,
8.53377,68060,
8.53534,68064,
8.53691,68068,
8.53849,68072,
8.54006,68076,
8.54163,68080,
8.54321,68084,
8.54478,68088,
8.54635,68092,
8.54793,68096,
8.5495,68100,
8.55107,68104,
8.55265,68108,
8.55422,68112,
8.55579,68116,
8.55737,68120,
8.55894,68124,
8.56051,68128,
8.56209,68132,
8.56366,68136,
8.56523,68140,
8.56681,68144,
8.69125,68148,
8.69282,68152,
8.69439,68156,
8.69597,68160,
8.69754,68164,
8.69911,68168,
8.70069,68172,
8.70226,68176,
8.70383,68180,
8.70541,68184,
8.70698,68188,
8.70855,68192,
8.71013,68196,
8.7117,68200,
8.71327,68204,
8.71485,68208,
8.71642,68212,
8.71799,68216,
8.71957,68220,
8.72114,68224,
8.72271,68228,
8.72429,68232,
8.72586,68236,
8.72743,68240,
8.72901,68244,
8.73058,68248,
8.73215,68252,
8.73373,68256,
8.7353,68260,
8.73687,68264,
8.73845,68268,
8.74002,68272,
8.74159,68276,
8.74317,68280,
8.74474,68284,
8.74631,68288,
8.74789,68292,
8.74946,68296,
8.75103,68300,
8.75261,68304,
8.75418,68308,
8.75575,68312,
8.75733,68316,
8.7589,68320,
8.76047,68324,
8.76205,68328,
8.76362,68332,
8.76519,68336,
8.76677,68340,
8.76834,68344,
8.76991,68348,
8.77149,68352,
8.77306,68356,
8.77463,68360,
8.77621,68364,
8.77778,68368,
8.77935,68372,
8.78093,68376,
8.7825,68380,
8.78407,68384,
8.78565,68388,
8.78722,68392,
8.78879,68396,
8.91245,68400,
8.91402,68404,
8.9156,68408,
8.91717,68412,
8.91874,68416,
8.92032,68420,
8.92189,68424,
8.92346,68428,
8.92504,68432,
8.92661,68436,
8.92818,68440,
8.92976,68444,
8.93133,68448,
8.9329,68452,
8.93448,68456,
8.93605,68460,
8.93762,68464,
8.9392,68468,
8.94077,68472,
8.94234,68476,
8.94392,68480,
8.94549,68484,
8.94706,68488,
8.94864,68492,
8.95021,68496,
8.95178,68500,
8.95336,68504,
8.95493,68508,
8.9565,68512,
8.95808,68516,
8.95965,68520,
8.96122,68524,
8.9628,68528,
8.96437,68532,
8.96594,68536,
8.96752,68540,
8.96909,68544,
8.97066,68548,
8.97224,68552,
8.97381,68556,
8.97538,68560,
8.97696,68564,
8.97853,68568,
8.9801,68572,
8.98168,68576,
8.98325,68580,
8.98482,68584,
8.9864,68588,
8.98797,68592,
8.98954,68596,
8.99112,68600,
8.99269,68604,
8.99426,68608,
8.99584,68612,
8.99741,68616,
8.99898,68620,
9.00056,68624,
9.00213,68628,
9.0037,68632,
9.00528,68636,
9.00685,68640,
9.00842,68644,
9.01,68648,
9.13365,68652,
9.13523,68656,
9.1368,68660,
9.13837,68664,
9.13995,68668,
9.14152,68672,
9.14309,68676,
9.14467,68680,
9.14624,68684,
9.14781,68688,
9.14939,68692,
9.15096,68696,
9.15253,68700,
9.15411,68704,
9.15568,68708,
9.15725,68712,
9.15883,68716,
9.1604,68720,
9.16197,68724,
9.16355,68728,
9.16512,68732,
9.16669,68736,
9.16827,68740,
9.16984,68744,
9.17141,68748,
9.17299,68752,
9.17456,68756,
9.17613,68760,
9.17771,68764,
9.17928,68768,
9.18085,68772,
9.18243,68776,
9.184,68780,
9.18557,68784,
9.18715,68788,
9.18872,68792,
9.19029,68796,
9.19187,68800,
9.19344,68804,
9.19501,68808,
9.19659,68812,
9.19816,68816,
9.19973,68820,
9.20131,68824,
9.20288,68828,
9.20445,68832,
9.20603,68836,
9.2076,68840,
9.20917,68844,
9.21075,68848,
9.21232,68852,
9.21389,68856,
9.21547,68860,
9.21704,68864,
9.21861,68868,
9.22019,68872,
9.22176,68876,
9.22333,68880,
9.22491,68884,
9.22648,68888,
9.22805,68892,
9.22963,68896,
9.2312,68900,
9.23277,68904,
9.35564,68908,
9.35721,68912,
9.35879,68916,
9.36036,68920,
9.36193,68924,
9.36351,68928,
9.36508,68932,
9.36665,68936,
9.36823,68940,
9.3698,68944,
9.37137,68948,
9.37295,68952,
9.37452,68956,
9.37609,68960,
9.37767,68964,
9.37924,68968,
9.38081,68972,
9.38239,68976,
9.38396,68980,
9.38553,68984,
9.38711,68988,
9.38868,68992,
9.39025,68996,
9.39183,69000,
9.3934,69004,
9.39497,69008,
9.39655,69012,
9.39812,69016,
9.39969,69020,
9.40127,69024,
9.40284,69028,
9.40441,69032,
9.40599,69036,
9.40756,69040,
9.40913,69044,
9.41071,69048,
9.41228,69052,
9.41385,69056,
9.41543,69060,
9.417,69064,
9.41857,69068,
9.42015,69072,
9.42172,69076,
9.42329,69080,
9.42487,69084,
9.42644,69088,
9.42801,69092,
9.42959,69096,
9.43116,69100,
9.43273,69104,
9.43431,69108,
9.43588,69112,
9.43745,69116,
9.43903,69120,
9.4406,69124,
9.44217,69128,
9.44375,69132,
9.44532,69136,
9.44689,69140,
9.44847,69144,
9.45004,69148,
9.45161,69152,
9.45319,69156,
9.45476,69160,
9.57763,69164,
9.5792,69168,
9.58078,69172,
9.58235,69176,
9.58392,69180,
9.5855,69184,
9.58707,69188,
9.58864,69192,
9.59022,69196,
9.59179,69200,
9.59336,69204,
9.59494,69208,
9.59651,69212,
9.59808,69216,
9.59966,69220,
9.60123,69224,
9.6028,69228,
9.60438,69232,
9.60595,69236,
9.60752,69240,
9.6091,69244,
9.61067,69248,
9.61224,69252,
9.61382,69256,
9.61539,69260,
9.61696,69264,
9.61854,69268,
9.62011,69272,
9.62168,69276,
9.62326,69280,
9.62483,69284,
9.6264,69288,
9.62798,69292,
9.62955,69296,
9.63112,69300,
9.6327,69304,
9.63427,69308,
9.63584,69312,
9.63742,69316,
9.63899,69320,
9.64056,69324,
9.64214,69328,
9.64371,69332,
9.64528,69336,
9.64686,69340,
9.64843,69344,
9.65,69348,
9.65158,69352,
9.65315,69356,
9.65472,69360,
9.6563,69364,
9.65787,69368,
9.65944,69372,
9.66102,69376,
9.66259,69380,
9.66416,69384,
9.66574,69388,
9.66731,69392,
9.66888,69396,
9.67046,69400,
9.67203,69404,
9.6736,69408,
9.67518,69412,
9.67675,69416,
9.79883,69420,
9.8004,69424,
9.80198,69428,
9.80355,69432,
9.80512,69436,
9.8067,69440,
9.80827,69444,
9.80984,69448,
9.81142,69452,
9.81299,69456,
9.81456,69460,
9.81614,69464,
9.81771,69468,
9.81928,69472,
9.82086,69476,
9.82243,69480,
9.824,69484,
9.82558,69488,
9.82715,69492,
9.82872,69496,
9.8303,69500,
9.83187,69504,
9.83344,69508,
9.83502,69512,
9.83659,69516,
9.83816,69520,
9.83974,69524,
9.84131,69528,
9.84288,69532,
9.84446,69536,
9.84603,69540,
9.8476,69544,
9.84918,69548,
9.85075,69552,
9.85232,69556,
9.8539,69560,
9.85547,69564,
9.85704,69568,
9.85862,69572,
9.86019,69576,
9.86176,69580,
9.86334,69584,
9.86491,69588,
9.86648,69592,
9.86806,69596,
9.86963,69600,
9.8712,69604,
9.87278,69608,
9.87435,69612,
9.87592,69616,
9.8775,69620,
9.87907,69624,
9.88064,69628,
9.88222,69632,
9.88379,69636,
9.88536,69640,
9.88694,69644,
9.88851,69648,
9.89008,69652,
9.89166,69656,
9.89323,69660,
9.8948,69664,
9.89638,69668,
9.89795,69672,
